Time (min),NS1&EW24_gt,NS1&EW24_est,NS25&EW13_gt,NS25&EW13_est,NS26&EW14_gt,NS26&EW14_est,EW1_gt,EW1_est,EW2_gt,EW2_est,EW3_gt,EW3_est,EW4_gt,EW4_est,EW5_gt,EW5_est,EW6_gt,EW6_est,EW7_gt,EW7_est,EW8_gt,EW8_est,EW9_gt,EW9_est,EW10_gt,EW10_est,EW11_gt,EW11_est,EW12_gt,EW12_est,EW15_gt,EW15_est,EW16_gt,EW16_est,EW17_gt,EW17_est,EW18_gt,EW18_est,EW19_gt,EW19_est,EW20_gt,EW20_est,EW21_gt,EW21_est,EW22_gt,EW22_est,EW23_gt,EW23_est,EW25_gt,EW25_est,EW26_gt,EW26_est,EW27_gt,EW27_est,EW28_gt,EW28_est,EW29_gt,EW29_est,NS2_gt,NS2_est,NS3_gt,NS3_est,NS4_gt,NS4_est,NS5_gt,NS5_est,NS7_gt,NS7_est,NS8_gt,NS8_est,NS9_gt,NS9_est,NS10_gt,NS10_est,NS11_gt,NS11_est,NS13_gt,NS13_est,NS14_gt,NS14_est,NS15_gt,NS15_est,NS16_gt,NS16_est,NS17_gt,NS17_est,NS18_gt,NS18_est,NS19_gt,NS19_est,NS20_gt,NS20_est,NS21_gt,NS21_est,NS22_gt,NS22_est,NS23_gt,NS23_est,NS24_gt,NS24_est,NS27_gt,NS27_est,NS28_gt,NS28_est
425,180,226,1731,1713,830,890,871,887,1096,1127,306,305,735,737,572,564,798,823,361,406,722,747,1004,1009,690,594,811,830,705,655,708,765,708,769,537,558,638,683,524,525,707,741,577,575,622,645,931,908,1091,1057,659,586,1297,1303,691,640,684,741,260,242,840,767,1220,1203,760,675,1082,1065,1351,1354,806,744,1183,1249,1531,1611,1133,1059,1053,952,1648,1725,1315,1216,869,818,664,674,497,459,533,496,724,784,377,453,563,584,383,449,235,281,55,65
430,172,195,1614,1523,846,891,701,768,1027,1082,294,271,524,575,498,483,813,881,537,455,627,705,962,990,584,553,721,771,604,603,680,779,639,697,521,506,599,627,430,490,650,679,569,486,535,540,767,718,975,966,603,556,1021,1067,658,651,633,669,350,253,748,670,1180,1106,597,574,997,978,1079,1161,771,679,1066,1135,1394,1396,1037,944,925,855,1400,1479,1221,1203,753,767,608,641,439,409,441,427,490,569,303,383,461,494,300,393,258,274,57,63
435,252,198,1675,1596,934,921,790,846,979,1101,392,352,636,667,541,476,726,796,488,487,757,816,964,1038,694,667,788,840,640,674,781,802,685,776,562,554,661,636,564,511,696,725,517,543,562,624,828,831,1123,1071,504,502,1057,1038,742,712,717,730,298,281,756,719,1185,1231,705,649,1102,1059,1188,1195,725,679,1119,1136,1409,1465,951,944,1015,890,1590,1643,1367,1335,885,851,613,661,497,451,521,453,602,644,463,421,546,547,379,405,232,286,53,67
440,194,200,1604,1690,844,943,818,841,946,1060,363,356,664,685,626,607,850,933,467,475,752,791,991,1067,718,714,909,914,759,785,866,894,788,815,702,607,772,728,605,562,687,747,613,569,692,670,906,961,1219,1157,576,504,1102,1057,745,689,690,710,285,280,834,774,1275,1365,760,709,1104,1089,1251,1252,675,649,1084,1080,1311,1401,964,958,956,942,1557,1635,1569,1492,981,930,839,751,598,517,612,539,636,710,526,505,603,610,389,440,276,300,82,103
445,188,201,1771,1781,1051,1059,842,897,1014,1075,398,392,734,726,695,638,975,1004,584,586,804,860,1013,1075,685,706,868,936,734,783,865,934,771,843,607,604,739,758,719,624,786,823,718,643,687,731,967,1006,1301,1270,595,548,1039,1077,693,676,642,710,365,283,820,814,1340,1405,762,757,1088,993,1157,1163,723,684,1068,1114,1335,1424,1051,962,1071,935,1559,1679,1453,1414,1009,1043,901,875,640,592,616,596,757,777,505,541,547,606,449,483,361,325,46,93
450,195,201,1915,1830,968,1015,830,928,982,1046,504,410,727,743,656,644,1031,1100,537,614,911,913,1053,1136,791,786,910,971,731,764,876,910,827,920,735,667,751,807,643,649,786,828,679,655,807,821,1036,1079,1349,1331,583,569,1136,1177,777,756,744,745,395,305,892,834,1290,1368,767,754,1061,965,1158,1220,655,653,1132,1119,1391,1421,1080,990,1086,921,1531,1610,1450,1491,945,1019,809,904,690,650,740,669,911,947,691,606,676,650,414,500,311,317,71,102
455,236,204,1891,1830,1166,1095,942,956,976,1041,470,405,682,739,726,668,1027,1070,607,621,906,910,1107,1167,738,779,951,1035,797,851,885,980,893,939,740,693,789,840,703,670,786,874,760,663,770,816,1019,1103,1431,1342,585,568,1216,1181,809,782,721,809,331,318,865,810,1318,1340,740,732,1057,966,1307,1369,782,690,1111,1100,1468,1521,1116,1030,1026,962,1613,1694,1564,1448,1102,1134,827,876,559,645,705,655,934,943,619,654,802,712,648,572,440,343,40,85
460,199,205,1820,1767,1248,1200,1014,1050,944,1010,520,448,702,777,654,649,1079,1095,619,644,879,930,1113,1127,806,777,980,1005,843,872,997,1026,898,944,793,709,863,892,782,690,865,867,683,678,763,815,1051,1092,1360,1299,630,559,1117,1174,797,763,790,870,432,341,874,840,1336,1360,778,715,1131,1071,1268,1330,776,686,1151,1229,1536,1605,1137,1068,1037,984,1684,1738,1571,1565,1064,1051,912,846,724,635,611,637,812,890,572,632,747,752,612,614,370,387,54,103
465,234,205,1665,1755,1070,1157,980,1054,1037,1124,510,453,802,836,699,685,1030,1077,610,627,835,932,981,1079,786,778,916,994,788,839,959,1014,920,985,766,711,821,868,636,689,853,859,698,664,735,813,1032,1081,1366,1283,565,537,1207,1231,770,713,730,769,327,324,895,810,1545,1504,776,722,1026,1003,1257,1280,787,714,1172,1220,1673,1716,1237,1138,1143,1069,1681,1722,1623,1544,1046,1115,907,873,633,600,693,612,842,870,540,610,646,712,522,578,347,376,46,79
470,246,205,1788,1777,1047,1103,1054,1065,1115,1197,473,471,810,844,727,699,1070,1162,628,632,837,923,973,1072,758,760,902,917,783,800,925,1002,957,1018,637,721,833,863,677,672,789,839,729,660,717,815,1050,1094,1344,1297,580,547,1237,1308,705,648,754,783,315,272,902,850,1395,1485,790,707,1110,1032,1150,1224,682,676,1162,1204,1661,1704,1158,1133,1155,1117,1748,1762,1645,1619,1003,1069,875,896,720,652,688,652,835,919,699,601,702,690,498,574,280,354,37,94
475,260,204,1830,1861,1176,1174,1079,1110,1147,1234,528,486,817,914,727,732,1111,1170,738,692,958,988,1063,1103,806,759,914,925,739,797,1021,1036,925,1022,751,714,841,872,663,697,852,867,725,661,730,797,964,1061,1411,1372,567,554,1355,1293,691,643,772,830,306,280,879,823,1507,1522,785,681,1067,968,1205,1224,658,654,1204,1202,1672,1690,1258,1167,1287,1187,1736,1817,1839,1764,1081,1094,885,892,672,656,683,662,828,915,623,618,618,677,604,568,418,371,21,78
480,205,203,1960,1878,1197,1178,1093,1126,1105,1206,522,505,934,964,860,768,1167,1228,696,710,1011,1055,1090,1170,875,835,966,999,777,839,990,1056,932,1019,814,733,864,902,740,710,795,892,741,659,819,828,1114,1121,1517,1456,601,546,1214,1281,650,641,771,787,323,261,819,812,1476,1517,714,671,1114,1023,1156,1230,757,657,1303,1236,1625,1682,1223,1141,1274,1164,1729,1768,1883,1885,1149,1161,861,956,724,682,717,677,941,965,599,633,672,726,599,608,421,395,50,98
485,254,202,1847,1876,1223,1214,1123,1150,1081,1171,593,496,911,959,821,795,1200,1165,738,750,1090,1105,1112,1197,903,904,938,1034,919,865,988,1023,1000,1050,786,757,843,921,726,718,926,943,760,712,911,912,1202,1194,1492,1460,575,533,1300,1376,656,619,791,809,340,255,957,928,1390,1408,735,656,1052,991,1249,1252,722,623,1214,1170,1605,1657,1200,1146,1311,1168,1693,1759,1847,1835,1185,1202,919,1015,800,735,773,729,985,1023,707,683,744,772,626,646,351,420,33,64
490,228,204,1896,1903,1253,1224,1156,1164,1139,1261,521,463,954,965,742,753,1145,1153,767,712,999,1042,1168,1213,972,929,985,1072,853,898,1004,1022,1035,1069,844,767,978,995,716,763,929,1006,767,734,917,902,1175,1246,1542,1506,641,542,1527,1609,626,579,900,907,273,216,950,923,1399,1448,714,702,1081,1030,1155,1231,593,576,1202,1120,1635,1671,1144,1051,1230,1136,1758,1790,1833,1810,1165,1148,1053,1004,798,803,764,802,1020,1064,746,731,741,824,649,712,514,427,41,77
495,193,202,1998,2036,1308,1332,1131,1208,1268,1368,548,489,938,917,807,776,1075,1086,680,663,892,982,1095,1190,930,899,999,1055,903,958,1082,1094,1016,1093,855,861,1058,1088,844,764,914,988,725,705,833,914,1206,1291,1543,1521,657,648,1619,1712,638,572,821,901,254,197,957,965,1360,1446,720,709,1029,976,1035,1115,542,537,1163,1074,1727,1743,1094,1012,1216,1053,1681,1761,2015,1925,1159,1224,1032,1027,745,734,810,773,1064,1095,716,783,815,849,690,756,435,447,35,69
500,214,202,2062,2109,1369,1466,1344,1354,1307,1410,534,513,969,905,821,789,1220,1144,738,650,887,961,1088,1132,825,865,1067,1071,1030,969,1062,1159,1096,1122,924,876,1046,1093,835,771,968,1036,831,750,953,976,1250,1313,1697,1628,672,698,1603,1710,597,565,794,864,267,186,914,991,1343,1375,718,690,986,892,1034,1106,570,527,1072,1033,1532,1602,1108,1012,1151,1035,1711,1732,1909,1873,1283,1254,1174,1170,900,818,833,809,1116,1097,792,738,960,877,708,779,412,483,69,73
505,214,202,1988,2047,1595,1504,1411,1418,1215,1307,643,521,889,984,853,796,1210,1165,757,679,943,983,1141,1172,892,851,995,1057,970,990,1157,1158,1113,1130,847,912,1051,1086,820,771,967,1054,801,798,911,1007,1254,1353,1629,1664,691,685,1576,1667,615,532,800,826,272,187,885,934,1293,1320,655,626,889,858,1001,1069,572,525,991,938,1482,1509,974,970,1135,1078,1718,1787,1986,1909,1259,1242,1228,1143,846,831,886,862,1109,1178,801,775,1013,919,820,756,527,486,45,87
510,194,202,1982,2049,1437,1492,1394,1389,1176,1249,532,487,997,977,845,810,1124,1204,786,702,986,999,1164,1217,911,862,1038,1050,1030,995,1075,1136,1117,1165,975,917,1030,1082,873,785,1048,1080,843,849,999,1014,1320,1339,1609,1608,713,662,1459,1507,522,510,781,803,213,157,817,872,1167,1239,692,610,888,851,988,992,479,474,945,926,1441,1451,1029,972,1058,1033,1558,1654,1966,1937,1286,1220,1263,1209,882,815,975,853,1248,1275,872,836,1001,979,743,813,541,497,74,89
515,195,202,1848,1919,1686,1619,1371,1449,997,1051,567,481,857,939,820,761,1179,1140,785,733,1034,1038,1225,1260,852,851,1012,1029,1069,1016,1201,1221,1103,1133,908,933,1060,1116,876,813,988,1074,778,838,934,1009,1264,1310,1659,1615,594,637,1423,1483,538,495,657,679,234,136,808,797,1011,1101,595,569,860,797,885,928,473,469,888,859,1269,1274,983,919,1063,992,1457,1520,1967,1915,1287,1228,1174,1183,922,827,953,867,1339,1240,880,834,1052,982,834,828,544,540,66,89
520,170,202,1822,1825,1633,1611,1481,1566,929,978,445,416,793,859,816,750,1026,1076,744,696,1035,959,1236,1271,942,871,959,1051,969,1010,1133,1199,1234,1256,876,963,1082,1128,768,830,991,1078,855,798,917,960,1272,1277,1561,1553,689,617,1282,1338,447,438,560,598,121,119,755,725,988,992,547,518,724,714,786,868,482,436,761,776,1011,1067,905,883,1052,974,1428,1496,1909,1819,1224,1167,1141,1175,898,847,952,887,1228,1214,857,840,1048,1023,928,846,575,537,54,102
525,148,202,1510,1577,1697,1632,1626,1583,900,902,492,397,680,726,680,665,1078,1075,702,665,879,891,1108,1135,877,817,1142,1046,1043,1018,1226,1248,1245,1279,947,963,1091,1108,843,820,1003,1058,816,791,835,918,1147,1225,1500,1486,573,531,1064,1128,433,392,466,557,154,107,628,681,859,957,546,494,749,680,654,724,400,382,825,754,977,983,823,792,966,875,1298,1380,1909,1825,1147,1081,988,1012,844,778,936,842,1144,1206,892,843,1035,1024,916,860,559,554,67,103
530,136,203,1314,1410,1656,1632,1488,1526,697,770,393,378,660,704,613,598,948,858,716,618,834,865,1036,1131,819,754,901,940,1008,934,1190,1223,1169,1243,915,932,1042,1067,797,795,967,986,846,767,888,892,1124,1127,1229,1258,516,436,949,979,368,363,455,532,183,93,562,633,893,909,510,471,597,570,592,668,390,338,718,662,804,902,728,719,776,774,1098,1196,1747,1693,1083,985,950,989,752,745,790,777,1074,1134,829,815,962,1026,783,865,612,549,69,84
535,138,203,1242,1340,1532,1535,1536,1464,690,708,325,318,658,659,587,550,802,792,610,526,703,697,915,963,740,733,872,941,932,885,1034,1098,1125,1212,946,911,940,1016,787,735,842,887,763,688,747,783,964,982,1055,1080,389,403,807,859,346,328,470,477,142,79,624,627,799,818,517,431,535,522,547,607,321,317,630,612,836,855,664,633,755,687,992,1066,1465,1472,979,900,920,925,748,714,749,737,982,1054,771,755,980,940,821,837,506,530,65,79
540,132,202,1156,1216,1584,1495,1475,1406,592,671,401,313,540,568,542,480,746,716,586,492,640,692,782,863,641,602,767,802,893,821,1054,1091,1105,1125,878,813,849,891,748,666,756,766,570,585,610,663,782,858,1073,1025,387,366,725,753,321,305,375,411,106,67,467,540,657,728,456,402,480,479,589,603,325,303,627,564,688,767,664,564,683,593,1005,974,1443,1356,805,834,795,795,630,620,660,656,973,1016,782,703,867,862,743,754,419,489,86,76
545,201,202,1037,1066,1309,1307,1314,1327,515,580,362,288,480,522,521,426,675,669,415,429,564,597,768,808,599,570,710,755,754,699,881,911,962,1019,695,702,702,757,594,571,648,661,467,517,576,628,768,817,925,959,310,319,653,716,354,285,275,372,135,65,440,497,546,642,430,373,508,473,532,594,376,289,591,564,653,732,594,522,607,549,841,834,1305,1232,830,784,648,720,536,562,590,586,900,910,730,637,830,789,729,739,540,448,70,77
550,235,201,891,971,1173,1166,1055,1151,511,515,325,268,395,489,443,406,664,619,424,385,498,516,592,680,578,511,646,712,679,671,829,867,816,886,650,587,618,670,436,529,577,624,498,495,541,585,700,709,825,863,309,299,582,654,316,255,314,345,80,50,426,437,612,636,411,351,509,460,645,652,330,293,598,559,647,712,515,492,517,484,675,675,1092,1065,747,709,749,653,611,512,567,562,786,862,538,619,705,695,658,666,419,393,56,88
555,284,203,917,970,1176,1088,1029,1067,386,447,256,241,412,494,395,374,605,606,406,369,544,495,563,662,511,461,593,610,598,572,798,807,763,777,458,511,628,629,562,514,476,566,434,442,522,542,583,648,827,786,318,294,629,634,284,228,286,318,74,42,426,449,602,606,416,332,500,456,597,652,344,285,599,521,685,718,567,471,572,489,665,606,1004,918,633,679,643,582,511,485,555,534,843,807,596,585,685,682,589,671,462,368,53,121
560,275,204,950,972,915,990,930,964,378,461,291,245,423,486,375,344,594,517,367,339,454,475,616,629,535,438,571,605,588,534,683,710,779,763,556,494,480,574,478,446,527,531,389,394,445,505,578,609,899,799,331,282,578,615,265,227,273,327,70,37,391,438,527,556,317,314,463,463,573,607,333,275,602,521,595,673,525,516,633,541,539,613,850,792,656,596,419,491,391,437,518,494,721,757,628,561,693,636,667,611,327,362,33,107
565,242,204,910,946,956,931,962,910,394,432,253,251,468,470,340,325,486,538,322,293,473,404,532,630,442,413,523,555,523,519,701,708,652,708,476,444,465,542,379,438,446,517,382,374,437,488,527,613,784,777,247,277,549,571,296,226,335,346,72,37,469,413,567,537,367,309,524,444,528,570,281,267,592,518,594,662,545,517,603,556,598,567,874,832,571,548,560,470,447,377,452,431,676,710,396,495,563,592,463,553,367,337,53,115
570,249,203,783,876,891,876,800,842,280,357,319,232,364,445,417,331,585,496,336,293,365,443,595,622,456,378,500,539,539,509,577,670,636,647,420,412,521,512,485,402,497,510,411,381,440,483,539,623,672,751,269,273,496,525,290,223,292,309,80,35,378,409,542,581,374,309,495,413,559,613,285,258,583,503,574,606,513,496,634,539,578,556,890,850,574,552,374,462,347,359,422,390,750,652,542,459,543,545,429,523,264,325,31,108
575,227,205,861,883,765,843,732,796,326,403,247,205,310,406,351,341,597,507,371,298,519,426,627,636,358,402,493,543,411,500,560,626,587,633,419,401,521,511,438,395,441,467,341,367,390,466,561,596,693,733,266,271,477,549,257,220,288,291,69,30,357,409,421,514,383,292,472,414,508,575,301,238,501,422,500,558,551,452,572,527,551,528,821,791,595,573,517,465,437,375,479,408,538,636,422,442,608,529,507,502,384,311,19,103
580,234,210,818,871,800,791,653,729,291,379,330,239,424,417,344,303,421,455,333,285,411,401,535,594,449,409,484,561,418,513,575,633,615,622,405,394,413,490,324,400,403,461,392,340,367,427,516,561,755,753,274,272,532,551,243,211,132,229,63,28,312,393,508,496,300,280,454,386,538,550,311,225,521,424,499,557,499,425,512,489,580,565,740,826,586,527,480,447,404,355,447,407,727,657,507,459,463,535,481,481,275,293,37,95
585,236,208,787,816,716,810,660,718,293,362,278,220,351,408,386,296,459,448,289,250,301,376,524,533,366,362,527,523,551,503,601,653,504,601,296,376,369,453,394,356,389,430,356,333,376,399,565,565,705,711,254,264,335,425,208,179,242,246,48,27,367,377,405,482,353,269,432,355,522,527,311,219,517,467,500,576,489,430,501,468,618,553,787,746,562,502,402,428,348,341,447,388,621,632,460,432,608,510,408,467,291,303,34,88
590,287,210,731,767,867,789,687,702,296,349,251,214,373,399,320,287,472,445,305,241,432,365,517,525,401,344,431,492,480,481,544,622,561,599,408,371,352,449,318,356,442,443,357,332,351,433,474,535,697,691,216,204,465,466,213,195,171,260,57,24,337,370,455,501,316,251,361,343,439,534,238,229,476,422,493,592,498,455,470,463,633,569,724,712,487,477,410,398,433,344,393,387,515,603,456,415,565,488,369,444,329,298,10,68
595,234,214,713,766,725,676,587,638,331,412,234,191,330,369,287,278,359,399,319,246,355,349,502,527,371,346,432,493,391,440,527,553,449,543,415,351,447,457,351,365,351,434,280,314,307,398,502,529,563,571,204,232,469,481,277,189,163,235,41,24,310,351,407,447,345,252,435,375,455,497,305,230,497,438,478,568,513,446,501,490,541,519,717,687,547,473,385,372,323,300,454,354,564,595,340,427,451,493,327,425,191,261,32,94
600,233,210,698,768,654,692,540,625,325,361,204,188,303,383,335,255,447,374,258,219,254,322,485,504,335,330,364,463,452,436,564,557,426,512,391,339,349,417,327,335,318,413,316,303,301,374,387,468,574,595,175,219,427,425,259,167,153,227,45,22,254,329,529,432,261,250,425,349,484,499,309,215,428,404,496,559,528,436,490,460,597,509,785,702,539,475,472,396,389,300,391,322,535,527,374,353,491,451,398,428,297,272,17,85
605,218,210,740,702,691,641,494,581,333,361,281,194,391,407,304,262,398,386,225,205,308,305,442,470,365,316,322,406,393,390,514,545,440,475,314,321,362,417,304,300,274,359,280,259,328,382,471,545,579,593,215,190,371,435,206,172,162,235,50,20,328,329,413,435,307,235,413,340,474,548,236,218,396,370,447,471,480,396,446,440,461,452,737,676,506,461,417,377,331,287,384,330,481,563,353,349,491,424,459,379,313,239,13,59
610,280,211,687,707,537,584,530,562,344,404,214,175,372,418,266,265,413,389,302,215,287,328,387,460,363,287,432,359,400,349,452,532,380,443,355,288,313,384,213,284,314,371,264,284,370,414,492,551,582,564,205,205,358,436,211,185,172,220,42,20,354,333,413,449,284,257,398,379,517,527,253,211,353,362,451,494,450,384,443,438,410,408,710,633,566,472,392,376,324,279,357,327,499,548,381,342,470,445,361,412,257,222,19,89
615,224,211,618,708,582,609,539,567,335,419,231,183,387,416,330,250,507,408,253,223,295,322,397,462,348,291,333,367,336,327,523,526,358,400,246,270,396,407,298,304,376,398,264,277,359,360,404,501,504,561,166,204,331,419,241,176,128,194,39,19,288,336,458,483,373,286,390,357,434,527,223,213,424,399,528,574,456,393,457,425,429,367,647,572,523,495,440,397,320,291,347,319,482,528,323,315,403,423,378,418,233,241,12,78
620,242,213,628,703,491,578,478,525,320,419,255,183,422,425,309,270,463,403,267,225,383,343,461,466,326,293,344,390,429,350,467,520,365,459,325,306,361,427,256,289,280,369,345,261,284,371,491,527,478,542,248,192,373,438,202,185,137,230,39,19,342,344,505,529,372,278,377,349,450,550,325,231,467,447,618,574,505,415,465,461,483,387,530,528,500,447,439,430,344,289,398,324,570,553,437,342,452,447,419,431,297,233,15,30
625,217,214,650,715,640,586,473,547,364,402,216,186,409,419,296,249,455,421,308,240,333,353,404,470,307,301,381,388,375,328,468,530,380,459,329,286,341,413,341,275,306,371,221,263,334,338,481,519,550,526,154,200,390,404,229,182,158,234,41,19,301,328,420,506,309,278,389,387,553,579,326,241,475,429,581,568,463,414,577,482,422,424,574,557,436,429,434,429,303,279,411,314,465,563,422,333,524,457,389,444,299,215,16,65
630,270,214,621,708,670,613,511,583,337,401,181,179,332,402,287,250,377,420,286,232,343,336,466,471,324,298,349,380,414,339,588,530,384,429,321,275,346,372,248,270,259,357,232,253,257,351,440,491,530,527,201,185,324,420,195,178,163,224,61,17,335,351,460,509,281,281,463,401,529,547,265,245,518,446,559,500,471,400,519,461,475,406,595,618,526,429,387,372,327,279,395,306,458,551,386,313,489,457,428,429,262,250,29,119
635,216,214,635,686,549,588,437,521,347,399,262,185,316,405,302,271,436,426,203,224,331,348,433,454,393,299,382,394,420,340,419,517,355,431,286,269,353,366,283,264,286,368,268,250,368,385,475,506,480,506,178,197,400,474,228,186,186,218,48,17,337,372,501,528,352,287,460,388,450,523,266,225,432,401,485,504,439,392,510,449,416,371,584,633,431,437,381,393,345,264,318,293,490,570,225,320,501,431,353,420,329,256,11,35
640,297,217,682,737,595,539,434,474,360,378,192,179,407,408,229,268,450,452,294,230,327,339,367,449,300,310,366,390,415,323,479,527,354,405,345,261,377,386,248,269,318,397,257,268,344,358,469,473,469,499,149,211,384,437,225,168,183,215,43,15,331,376,482,506,293,276,374,346,423,507,253,212,386,380,458,420,445,350,475,405,459,367,734,611,497,442,329,389,202,299,332,327,456,539,366,323,536,451,364,412,247,216,24,31
645,292,219,707,731,555,558,422,507,356,411,166,166,281,380,278,261,395,427,214,238,349,338,392,438,385,291,292,365,340,316,483,498,354,381,304,257,339,376,231,268,290,385,275,255,353,392,502,503,529,537,270,196,389,401,201,165,140,196,36,14,294,385,409,488,327,259,342,326,437,515,262,201,435,388,368,402,358,300,386,352,442,363,648,590,465,444,417,404,242,283,312,313,542,565,279,317,353,437,328,409,299,215,28,128
650,255,217,760,679,553,638,506,566,398,422,178,175,377,388,287,259,498,415,245,219,305,315,441,442,306,297,368,374,329,316,430,517,375,418,291,266,324,361,224,257,363,385,266,265,281,373,437,533,597,542,200,186,331,393,206,170,113,212,37,13,379,351,455,464,316,255,303,297,407,493,259,188,436,377,454,466,314,312,346,315,370,349,611,577,461,441,468,420,369,276,398,303,520,573,242,326,414,490,373,452,170,264,12,74
655,305,215,599,697,601,642,456,526,314,411,246,193,397,442,310,250,436,422,230,219,330,300,340,431,255,294,320,384,335,358,565,566,371,420,223,283,370,384,258,270,334,397,227,265,280,363,463,507,591,510,180,179,326,422,179,177,134,228,52,15,312,346,389,440,289,241,307,306,448,508,263,192,389,381,389,449,357,348,411,361,473,386,547,471,482,394,309,397,363,284,333,322,678,606,344,341,449,494,439,446,288,262,2,53
660,313,214,615,706,533,600,463,549,351,423,224,185,402,439,308,257,413,404,234,212,256,302,367,425,310,307,313,390,412,334,503,522,352,437,334,281,305,402,203,268,362,374,306,252,293,369,408,462,516,480,231,193,416,430,251,170,145,211,37,14,296,326,383,456,318,235,358,292,419,504,209,203,352,373,375,421,351,333,393,357,366,390,466,437,410,326,409,361,316,263,401,307,527,566,369,310,502,435,417,396,213,225,10,100
665,249,221,693,718,607,575,463,512,408,430,276,189,404,398,306,278,379,437,329,231,397,317,435,447,262,300,356,381,319,332,450,542,391,418,288,281,337,341,313,252,350,362,275,246,243,331,438,493,504,490,147,187,376,403,240,170,167,240,41,14,326,315,413,430,341,243,346,292,424,474,235,186,394,382,449,514,357,342,434,335,431,377,509,489,342,361,323,339,277,231,325,256,548,485,301,279,427,444,393,423,314,234,17,28
670,232,223,728,748,524,536,463,472,417,424,246,199,302,389,306,271,388,418,237,231,336,363,422,461,302,293,315,369,358,316,492,532,416,329,314,245,284,304,232,239,346,370,227,240,254,331,478,507,423,499,215,173,325,373,223,161,152,241,44,13,282,303,335,401,305,238,314,282,455,495,204,179,481,399,548,550,428,330,395,337,427,404,485,460,396,364,285,307,217,204,303,242,476,497,293,256,541,444,358,438,217,212,19,23
675,288,221,765,769,495,493,439,479,400,420,289,201,348,383,254,264,424,444,215,218,321,365,467,474,253,299,333,376,360,309,555,511,378,302,330,233,280,303,179,230,317,385,255,240,314,343,452,505,500,497,198,164,414,421,202,164,167,256,35,13,273,305,339,426,283,230,315,277,441,516,281,194,480,389,459,558,380,329,363,347,377,435,512,452,438,349,376,304,269,223,293,252,455,494,299,247,354,430,365,406,283,190,13,86
680,265,220,771,832,610,536,515,530,403,500,287,188,352,381,302,284,366,449,154,228,393,396,415,469,232,280,350,359,309,285,452,506,344,308,318,241,385,319,318,244,391,395,176,243,260,344,470,515,516,519,207,190,394,430,244,171,225,248,55,13,303,321,406,417,293,223,396,302,452,533,198,196,456,404,607,627,428,345,392,357,358,400,457,517,376,379,355,302,237,214,311,246,569,526,275,265,476,454,377,385,307,208,24,87
685,239,218,809,832,475,507,415,459,423,497,272,202,333,395,353,279,465,492,219,240,317,403,436,492,327,279,323,358,337,301,514,517,340,313,273,252,300,318,220,243,270,365,268,241,311,340,523,576,517,540,201,184,353,421,218,181,263,284,97,15,359,332,331,419,317,240,329,302,457,537,218,201,494,428,601,603,456,356,448,369,420,417,514,521,450,393,354,311,245,221,282,248,515,519,297,267,552,494,355,446,237,216,11,22
690,254,220,820,854,565,525,413,481,393,449,284,202,382,405,239,310,429,432,318,235,356,430,396,488,327,322,333,393,312,304,532,519,280,315,235,252,252,333,342,251,300,372,266,249,316,350,549,578,619,559,240,191,355,416,215,188,218,298,91,15,257,333,389,468,294,265,384,321,494,534,238,212,501,438,513,592,420,375,388,383,523,430,548,506,367,407,319,346,335,240,270,269,535,556,279,266,469,489,426,460,227,205,20,20
695,239,221,830,902,540,540,415,490,352,404,231,197,380,402,339,300,449,463,222,242,417,427,380,476,321,311,315,405,379,331,530,546,400,311,264,255,290,329,194,262,347,426,289,274,337,360,539,560,623,549,174,206,451,476,287,193,193,289,79,15,334,363,458,443,335,272,421,341,441,529,272,208,466,424,491,591,410,378,415,370,512,442,629,531,428,407,420,354,236,253,324,278,495,558,362,276,596,502,396,459,284,206,31,75
700,284,224,864,916,682,634,579,612,313,372,233,185,270,358,300,300,467,490,254,249,457,473,412,483,358,306,380,388,341,328,494,575,308,340,288,274,367,347,333,271,377,422,245,272,295,379,556,587,633,582,287,217,430,494,212,206,294,303,78,16,446,352,378,419,314,271,367,359,496,513,268,213,557,461,505,565,459,387,408,379,519,433,567,544,455,421,459,360,290,246,347,280,519,576,297,301,443,522,463,532,335,241,18,102
705,314,222,899,909,572,653,591,561,338,383,249,191,361,376,229,271,413,475,325,259,381,480,467,497,236,320,327,417,442,355,562,619,412,361,390,302,287,346,183,259,347,416,312,269,375,387,508,604,591,586,260,213,410,486,213,207,284,300,65,16,363,363,394,432,282,278,412,321,440,514,294,209,468,423,440,536,479,396,403,384,402,439,606,533,514,437,408,359,301,243,344,282,638,625,325,310,588,586,516,583,326,286,15,25
710,236,222,895,938,672,631,479,550,396,429,216,200,326,386,288,277,377,445,201,238,368,460,469,536,444,349,373,440,369,367,551,620,421,338,340,277,305,358,303,285,420,440,231,282,323,392,608,624,640,589,214,214,465,481,204,204,292,300,101,15,369,377,362,422,300,263,374,317,444,517,294,206,493,399,489,479,408,367,408,382,558,474,605,524,424,400,397,357,330,245,374,295,559,636,350,318,656,557,596,572,272,255,19,22
715,320,223,935,939,667,629,609,594,304,396,218,212,400,403,299,274,414,467,225,248,423,494,499,506,243,326,381,439,412,366,725,633,333,345,295,283,286,364,345,272,371,437,372,290,393,429,647,663,553,575,235,219,415,451,229,197,240,313,105,16,289,353,333,411,284,269,360,320,504,504,262,195,479,390,443,507,407,350,360,339,449,442,526,522,412,409,364,379,270,251,308,283,543,565,382,289,599,531,516,527,344,246,33,67
720,294,226,866,951,747,715,629,698,310,385,243,208,408,410,305,290,390,467,261,245,451,489,503,547,363,325,390,425,382,348,581,629,402,363,307,289,376,377,315,281,410,442,334,285,425,413,572,644,592,591,187,205,424,468,208,206,316,340,76,15,371,352,412,415,371,278,354,317,493,493,228,196,483,397,421,485,363,345,347,330,432,425,446,503,347,429,388,372,330,238,327,270,475,563,383,288,567,548,467,525,361,277,26,86
725,250,231,959,913,678,678,562,487,448,452,293,206,457,491,265,312,483,532,242,252,527,594,509,551,358,333,388,460,345,375,570,632,427,364,400,314,385,370,310,301,364,437,269,289,439,470,634,647,537,605,255,220,523,557,270,217,356,380,83,15,373,472,480,547,330,270,352,301,512,527,284,193,444,404,503,544,372,370,421,337,473,572,505,472,450,388,329,402,224,246,316,283,490,466,384,291,477,470,405,413,374,285,37,23
730,312,235,843,848,606,559,495,421,448,518,279,255,561,644,344,320,623,631,275,305,655,696,558,650,328,375,390,475,426,358,657,573,396,351,341,286,361,335,361,306,458,400,355,301,474,553,668,697,614,608,299,219,610,619,268,227,429,449,32,17,606,620,647,658,356,326,317,308,501,593,226,199,516,442,438,505,429,413,437,388,657,678,560,474,372,350,485,414,320,236,295,252,343,355,301,242,383,334,319,267,296,223,40,24
735,245,236,878,895,597,505,483,411,525,577,385,288,736,762,367,434,648,748,276,347,682,736,670,701,358,405,466,491,437,342,569,566,338,321,286,255,416,318,339,279,274,353,321,274,504,593,762,828,594,683,182,251,643,680,284,245,516,554,91,20,689,715,664,744,399,367,397,347,577,670,231,223,580,496,543,567,507,428,496,400,684,767,519,512,383,345,490,417,215,206,246,200,334,304,228,195,305,276,275,227,243,194,43,77
740,320,235,926,995,628,555,557,486,626,656,382,318,813,898,465,534,802,814,330,384,824,837,671,751,471,404,436,491,420,353,546,595,388,335,290,251,340,303,311,270,327,356,355,274,563,621,899,921,780,767,239,272,698,750,312,272,552,569,41,22,739,786,768,794,481,442,404,384,647,718,265,255,517,507,574,597,532,522,454,435,756,808,669,583,433,375,341,422,287,190,284,188,290,279,256,169,305,260,266,238,249,208,42,113
745,259,234,1093,1156,666,566,489,440,626,689,435,394,823,920,507,583,831,922,370,396,810,878,718,756,391,442,490,500,430,372,725,648,371,371,283,259,349,309,335,271,370,384,341,305,585,671,929,957,734,817,364,335,790,854,351,299,671,709,108,23,785,846,684,764,517,481,488,420,634,726,301,260,547,522,532,607,531,519,580,496,731,828,567,557,363,356,504,419,240,195,266,214,360,287,256,180,358,271,268,244,271,225,68,34
750,324,234,1204,1219,575,526,535,426,663,713,417,376,885,959,654,662,949,969,361,426,878,918,822,824,456,477,461,522,472,402,726,678,419,398,328,284,367,362,374,314,402,426,374,338,695,711,933,997,831,891,314,350,792,865,372,334,788,791,127,29,731,829,818,867,545,486,429,419,780,844,283,283,559,555,611,647,581,525,533,508,821,895,674,636,456,358,491,431,309,210,331,244,405,319,237,206,377,304,331,257,215,206,75,29
755,272,234,1209,1270,647,571,615,508,720,734,482,411,971,1015,569,630,945,1018,425,444,903,940,816,860,479,483,475,551,440,413,719,695,550,452,358,314,484,402,386,356,401,470,347,365,643,736,1017,1099,950,925,301,378,836,887,395,350,661,706,124,28,806,880,839,926,546,529,552,457,777,866,316,304,604,575,673,742,627,564,607,541,991,908,764,711,477,391,547,481,315,222,299,236,354,334,233,217,403,321,311,272,301,223,56,101
760,289,236,1290,1365,796,718,698,674,761,799,497,442,993,1071,600,660,996,1017,397,459,986,1052,875,957,550,504,545,550,510,435,704,767,572,504,367,347,462,439,462,373,475,497,482,409,783,833,1140,1196,943,995,305,392,853,941,407,330,558,621,33,26,830,926,937,939,662,592,505,466,827,862,374,311,655,622,725,777,679,602,567,556,906,978,745,714,470,425,501,484,252,244,348,265,452,366,246,228,401,347,361,299,347,274,146,147
765,274,241,1527,1487,791,734,686,608,816,838,548,459,1127,1177,669,694,1054,1108,464,471,1061,1137,937,1028,468,547,581,630,582,505,772,853,634,552,402,383,508,478,468,398,540,520,472,417,913,955,1280,1364,1003,1100,427,409,913,992,392,351,702,720,101,26,968,1023,986,1039,722,626,490,480,867,932,378,339,686,631,828,804,664,617,717,656,1113,1168,787,761,552,462,641,552,270,252,395,306,461,387,342,272,427,398,383,336,400,304,80,38
770,330,245,1483,1539,755,728,774,602,834,842,536,501,1159,1259,686,780,1192,1237,468,508,1057,1219,1113,1176,573,625,600,672,570,540,836,921,626,572,455,405,544,514,466,430,483,572,484,478,994,1051,1330,1461,1251,1178,310,391,950,1029,434,369,735,825,44,31,1022,1077,1077,1084,609,631,581,500,882,936,379,341,685,669,778,824,688,656,653,631,1106,1177,925,865,580,485,628,618,330,296,427,334,530,416,339,292,464,425,375,346,372,278,110,31
775,333,249,1740,1697,884,804,847,710,828,895,572,514,1331,1453,790,844,1237,1323,558,585,1105,1240,1247,1301,596,682,749,761,631,598,1021,970,730,627,446,441,568,586,573,520,638,652,446,534,1034,1100,1453,1578,1249,1229,431,429,933,985,504,405,782,873,43,34,1117,1121,1034,1080,771,687,598,552,909,989,436,368,784,744,843,853,714,699,743,653,1163,1227,851,915,603,532,685,619,413,322,415,342,482,443,359,306,474,439,389,375,346,315,104,128
780,270,252,1752,1730,975,948,1025,915,813,889,631,591,1330,1445,864,907,1251,1365,594,625,1186,1307,1178,1277,698,704,712,763,664,622,1001,1022,833,746,542,508,623,632,551,524,618,662,541,535,1051,1090,1442,1547,1208,1307,442,449,1019,1110,455,411,741,749,92,33,1128,1199,1044,1127,742,716,598,541,973,1007,318,374,762,722,861,910,827,759,739,693,1177,1261,972,934,669,592,569,640,350,314,390,334,495,434,368,300,577,455,456,413,455,373,116,173
785,328,258,1813,1839,1131,1018,1036,864,752,769,593,586,1401,1528,926,960,1388,1479,561,629,1072,1145,1194,1289,845,749,804,762,727,680,1137,1079,950,849,597,565,702,670,556,552,620,665,598,561,1311,1374,1578,1693,1229,1260,419,484,1071,1118,493,394,720,781,66,33,1228,1351,1213,1243,850,803,532,567,1062,1118,482,402,820,724,881,913,879,779,851,758,1084,1124,1019,955,668,555,695,609,375,320,397,368,558,528,365,352,544,527,507,458,507,429,97,51
790,337,258,1890,1926,1203,979,1023,815,688,734,592,620,1428,1622,911,915,1368,1524,542,636,1019,1110,1191,1234,793,735,743,783,725,763,1093,1088,965,846,674,581,751,664,636,559,670,697,613,623,1530,1698,1837,2033,1343,1356,472,494,1051,1117,491,439,695,785,135,36,1263,1358,1176,1303,738,788,661,595,1042,1126,436,411,736,705,774,843,850,755,781,733,1059,1046,1038,1014,586,553,705,632,384,356,445,418,665,618,465,404,595,577,533,478,514,419,86,42
795,283,257,1966,2049,1092,977,1063,833,722,794,708,630,1520,1746,879,942,1509,1608,604,617,1103,1189,1285,1315,680,743,685,747,780,701,1061,1013,954,809,629,576,751,704,646,632,795,813,748,757,1863,2034,2053,2384,1524,1631,434,508,1159,1235,559,474,729,792,50,39,1290,1356,1226,1326,882,782,710,632,1080,1120,516,419,718,714,868,883,804,764,783,714,1044,1136,1120,1140,681,635,714,673,457,399,563,422,763,681,532,403,767,576,511,490,580,450,99,101
800,345,256,2158,2240,1196,1011,1114,930,686,781,583,621,1540,1653,962,974,1569,1766,546,645,1069,1215,1249,1344,764,724,656,720,723,690,1016,1012,1022,819,699,610,786,760,698,695,811,891,724,810,1892,2144,2144,2501,1732,1805,542,586,1255,1344,623,506,701,708,60,41,1370,1456,1349,1376,840,778,632,602,1069,1170,463,414,795,712,823,917,846,777,734,724,1146,1180,1121,1132,691,667,768,691,472,401,621,427,870,730,486,407,705,573,595,485,503,472,105,167
805,266,259,2346,2441,1307,1077,1160,918,721,797,653,615,1563,1749,975,1057,1688,1856,661,713,1144,1247,1205,1319,747,741,823,747,799,715,1083,1070,941,870,702,681,883,830,752,762,885,897,778,798,1836,2054,2101,2407,1787,1855,600,636,1298,1382,657,546,629,679,138,43,1530,1557,1291,1376,849,820,618,593,1118,1166,469,438,769,742,853,930,813,774,843,756,1099,1146,1172,1123,704,683,712,689,481,405,522,430,790,755,491,433,679,622,596,518,540,485,100,91
810,380,260,2504,2420,1147,1044,1111,918,713,783,660,637,1481,1750,983,1049,1630,1772,617,702,1251,1314,1346,1346,820,779,805,766,768,758,1192,1095,1037,917,733,710,744,840,671,745,801,900,834,816,1838,2036,1908,2235,1798,1834,596,625,1253,1351,620,559,597,602,55,41,1471,1553,1275,1434,902,879,668,636,1145,1180,404,430,817,815,898,915,723,737,771,716,1128,1073,1147,1091,687,649,761,681,484,398,532,442,817,725,453,430,793,616,614,516,467,461,107,73
815,318,266,2202,2290,1293,1125,1162,1013,827,833,670,640,1521,1714,941,1037,1617,1714,735,704,1130,1227,1306,1374,872,850,804,812,804,807,1183,1123,983,956,774,733,880,861,776,759,819,912,763,808,1749,1860,1974,2134,1694,1734,565,579,1212,1257,612,564,534,598,110,43,1573,1597,1352,1444,838,911,726,681,1233,1245,562,468,893,837,898,902,837,747,746,719,1152,1052,1119,1060,678,647,749,697,506,425,544,461,798,712,474,411,668,596,522,500,615,476,104,135
820,275,270,2295,2265,1233,1199,1182,1081,743,800,650,653,1559,1711,1032,974,1509,1677,630,635,1167,1186,1300,1365,816,839,734,808,900,853,1129,1204,1127,983,817,740,781,858,746,748,807,882,813,785,1652,1749,1821,2068,1666,1631,628,550,1161,1229,614,543,486,560,63,48,1348,1539,1325,1408,1020,934,736,653,1168,1297,533,458,813,784,834,827,756,744,771,735,1192,1134,1107,1064,670,645,697,674,528,410,484,419,770,700,464,426,737,609,559,513,585,516,93,154
825,342,267,2068,2146,1258,1164,1079,1001,725,808,646,633,1489,1624,887,979,1532,1603,611,671,1039,1182,1222,1281,728,805,745,810,785,873,1275,1194,1004,985,768,747,875,856,787,741,803,873,767,759,1594,1664,1817,1921,1605,1549,441,512,1122,1147,577,507,512,537,78,44,1403,1457,1258,1351,785,859,737,655,1189,1253,436,452,870,792,831,799,778,716,775,752,1091,1084,1131,1094,682,619,656,632,505,405,496,419,861,738,471,440,738,647,551,529,598,527,77,85
830,298,265,2039,2007,1176,1082,986,928,741,831,682,598,1437,1511,910,954,1408,1551,665,670,1091,1135,1168,1255,711,805,766,769,756,810,1043,1132,1112,941,740,714,824,829,734,715,798,830,790,724,1519,1573,1646,1817,1409,1467,379,473,1031,1100,552,497,467,519,77,39,1328,1492,1232,1361,885,855,609,634,1097,1183,512,445,902,804,743,825,736,706,700,690,1016,987,1078,1079,640,625,716,651,413,402,463,421,792,717,538,444,821,646,560,510,519,489,55,70
835,333,265,1889,1930,1111,1054,1023,916,764,778,631,589,1413,1541,840,912,1373,1546,610,638,1050,1097,1099,1167,785,787,700,764,742,802,1072,1131,1047,890,755,679,878,784,779,687,747,797,701,697,1423,1472,1605,1698,1493,1409,471,473,987,1052,545,466,421,506,124,37,1443,1449,1223,1309,730,827,642,622,1121,1143,340,436,891,806,814,804,777,699,702,657,997,944,1027,987,609,606,735,672,422,416,518,433,775,666,456,392,716,604,557,488,515,467,79,114
840,273,268,1934,1883,1235,1111,1063,975,718,747,613,601,1329,1477,850,924,1452,1545,550,629,1048,1083,1081,1165,758,763,687,747,800,802,1232,1135,1060,885,686,660,830,756,643,654,759,767,641,667,1333,1418,1548,1649,1402,1409,441,447,969,1039,518,458,422,506,112,39,1341,1438,1269,1313,826,811,702,609,1027,1147,509,430,784,809,772,786,699,689,749,685,1092,1047,989,967,652,592,703,639,404,401,494,405,644,626,501,405,659,602,576,485,536,497,87,138
845,271,264,1873,1791,1303,1039,1059,902,579,664,567,551,1252,1292,763,850,1349,1384,578,622,1007,1026,1214,1262,672,754,659,758,688,784,1179,1172,907,846,709,640,758,802,584,629,668,760,632,635,1193,1295,1294,1433,1321,1326,512,439,1084,1134,488,451,436,476,57,37,1231,1324,1114,1203,725,813,628,579,993,1074,486,428,894,794,761,825,765,694,634,632,957,932,1038,970,653,603,653,608,378,370,400,396,900,817,520,431,716,618,602,517,608,467,49,72
850,334,267,1778,1767,1116,996,940,857,627,639,534,454,1003,1006,702,777,1087,1160,513,551,986,987,1336,1398,825,769,882,803,849,798,1217,1182,840,795,671,614,761,819,570,610,733,762,564,618,1208,1290,1097,1179,1151,1165,416,468,1040,1177,458,442,458,458,51,31,1210,1250,1056,1119,779,731,641,588,957,1043,468,408,822,796,761,793,628,694,719,633,991,927,929,907,620,582,663,583,366,349,482,406,954,902,419,404,674,596,615,517,468,418,58,44
855,311,267,1549,1642,1069,1000,901,868,636,649,433,430,894,923,527,595,923,1016,526,523,930,968,1304,1401,811,766,900,811,841,799,1188,1187,858,773,576,594,706,789,568,582,672,726,563,589,1248,1311,1059,1180,1076,1156,431,443,1114,1169,514,423,447,450,30,30,1128,1227,1151,1158,710,679,572,566,1021,1073,438,393,771,768,674,740,697,638,664,642,1007,965,816,823,592,551,648,634,427,376,429,415,905,891,377,375,648,580,553,520,425,418,66,82
860,288,268,1609,1644,1107,1062,996,920,657,671,517,459,944,964,575,620,896,913,476,469,936,930,1319,1379,721,708,727,798,801,775,1214,1253,779,771,650,581,728,784,468,555,654,701,607,578,1289,1320,1119,1221,1081,1150,382,397,1132,1160,461,404,464,488,43,30,1151,1238,1171,1220,709,711,618,576,1062,1073,414,413,887,805,773,723,713,622,639,624,1012,994,772,849,627,551,680,604,379,351,450,388,850,906,446,382,647,575,583,546,500,451,65,109
865,337,269,1771,1736,1055,996,821,814,572,653,577,513,940,1035,733,699,912,941,527,476,861,900,1184,1295,677,669,768,786,843,752,1256,1225,745,739,673,578,843,782,619,566,693,761,489,582,1140,1270,1106,1156,1197,1117,331,422,1067,1169,416,384,395,479,112,28,1253,1290,1102,1163,707,661,568,620,946,1015,476,394,863,807,762,715,667,614,668,607,1082,1000,836,852,625,547,497,591,373,342,384,383,866,848,435,400,617,581,580,533,480,438,77,40
870,328,269,1713,1746,1069,901,824,765,633,643,557,458,981,1000,634,669,965,994,486,500,863,890,1215,1301,658,693,738,773,683,697,1098,1126,764,714,622,586,785,791,550,592,761,781,585,546,1174,1204,1025,1093,1022,1113,460,427,1130,1225,403,395,369,460,27,24,1248,1307,1135,1180,603,659,646,628,958,1022,461,396,854,778,723,655,666,617,659,641,1094,999,803,817,601,561,518,603,397,370,496,418,801,870,401,388,668,563,528,511,502,393,69,32
875,282,269,1691,1769,1042,871,850,761,635,636,500,459,925,948,579,576,915,984,505,525,838,910,1220,1306,633,671,661,720,682,634,1140,1048,743,715,579,597,717,798,495,558,683,725,592,510,1090,1169,1036,1058,1149,1103,423,444,1084,1196,445,401,424,440,98,25,1209,1300,1091,1204,791,683,665,586,875,989,428,395,799,759,562,653,643,600,731,629,889,985,762,829,635,576,674,654,463,394,494,436,869,875,402,401,640,575,537,512,496,375,82,73
880,294,265,1726,1715,1024,935,832,807,574,664,473,433,821,890,599,595,843,932,433,468,832,852,1173,1282,645,634,727,679,677,621,1108,1039,736,680,551,532,683,722,559,513,624,719,464,506,1128,1177,1002,1036,1119,1094,357,422,1099,1173,449,374,331,410,37,24,1208,1311,1105,1179,741,650,625,570,885,949,269,368,659,745,740,669,690,596,647,584,1020,923,937,902,710,619,745,650,422,381,552,405,977,880,404,388,682,567,587,520,425,398,89,87
885,282,265,1741,1700,962,944,794,735,600,655,468,425,800,898,491,561,844,906,420,473,811,836,1128,1187,635,632,665,716,630,678,1085,1101,728,650,506,522,660,731,458,509,628,723,556,506,1062,1146,945,1059,1075,1107,474,428,1097,1129,411,376,370,435,98,24,1234,1314,1079,1193,659,663,533,565,984,989,448,379,795,765,647,707,571,595,698,600,980,954,901,843,681,615,704,646,427,403,462,461,959,871,462,429,678,610,475,551,440,410,84,37
890,284,261,1612,1672,945,882,783,707,561,620,534,435,902,923,554,564,985,892,490,451,779,858,1151,1213,618,637,655,701,677,642,1183,1103,663,656,586,546,751,770,540,524,700,735,505,516,1089,1153,964,1006,1023,1107,300,399,1090,1125,379,370,354,425,38,26,1257,1336,1175,1187,598,688,559,609,972,1016,412,404,793,747,670,704,712,635,751,654,996,973,902,809,672,623,738,646,404,397,493,462,875,840,455,418,838,591,584,538,433,379,94,32
895,274,261,1723,1684,959,864,869,731,475,561,408,449,833,931,614,544,896,902,436,463,759,842,1172,1185,669,629,637,683,694,629,1098,1102,746,654,486,543,738,769,522,535,661,738,559,517,1058,1177,945,1014,1024,1090,357,412,1062,1129,405,372,436,437,36,24,1183,1368,1089,1151,751,690,715,616,880,1023,407,420,759,768,701,674,703,626,734,662,1044,956,860,851,646,633,661,635,398,391,548,432,871,784,469,391,688,566,543,511,410,372,105,79
900,346,259,1605,1659,1081,938,817,780,602,607,447,436,852,915,517,583,801,891,522,460,793,819,1112,1146,531,598,657,660,643,620,1134,1072,735,649,611,535,747,766,465,528,667,720,513,505,1112,1125,936,993,1079,1082,363,402,1070,1151,457,384,339,403,101,23,1292,1349,1099,1148,613,673,634,578,966,976,379,375,629,723,627,642,580,575,658,579,964,906,805,829,654,592,620,617,445,348,398,358,804,749,454,360,670,531,488,487,444,401,96,87
905,354,255,1648,1703,913,838,951,838,515,614,509,421,706,726,556,545,858,896,432,424,681,725,1031,1044,596,585,700,775,638,602,1262,1177,927,850,552,531,669,757,554,509,685,779,434,484,948,956,839,864,1055,1069,333,413,847,972,420,348,358,379,121,22,1124,1185,1000,1025,716,674,534,562,931,999,394,377,795,728,678,777,591,560,667,576,743,790,748,737,616,533,510,556,362,338,448,383,811,752,391,365,695,591,513,503,453,368,83,32
910,283,253,1739,1721,1043,868,1030,982,603,671,436,410,636,637,541,550,805,850,396,435,705,755,1029,1064,616,598,851,857,576,613,1296,1308,994,1023,578,568,735,812,583,536,854,884,520,506,827,881,687,721,936,1028,396,377,745,810,330,318,327,344,46,22,952,1038,849,856,700,610,630,577,986,1042,314,378,677,752,799,895,603,587,563,579,768,670,606,634,615,595,573,545,387,340,510,426,857,875,479,407,726,691,649,607,464,368,102,28
915,344,251,1424,1514,1074,1019,1218,1120,621,668,398,394,574,612,520,487,760,746,495,437,661,727,930,1029,541,607,767,856,699,619,1334,1366,1088,1088,681,592,807,897,526,604,923,961,553,531,979,982,662,719,995,937,364,343,782,795,378,314,304,381,66,20,929,998,744,784,613,598,646,589,987,1064,431,415,796,798,880,961,586,564,598,533,603,606,641,630,562,569,658,589,400,382,495,468,806,849,434,415,782,770,701,695,482,424,126,65
920,271,251,1490,1458,1249,1185,1250,1212,637,668,399,370,576,663,505,478,653,738,336,405,716,722,978,1013,610,606,820,877,612,665,1488,1571,1028,1108,555,640,881,969,620,674,1025,1088,586,588,970,1020,727,715,1004,920,252,333,792,807,413,323,363,429,38,21,974,1018,732,767,555,555,571,585,1122,1162,413,424,800,829,987,1003,628,612,643,546,692,600,698,643,632,603,660,644,459,390,514,447,890,876,498,454,955,838,816,732,594,500,107,66
925,257,248,1528,1502,1235,1156,1182,1124,557,643,459,386,637,728,411,496,676,766,488,404,723,757,998,1034,625,592,845,892,787,702,1533,1609,1042,1121,625,632,968,969,681,693,1060,1063,600,577,879,924,643,690,995,948,403,369,846,903,417,336,455,469,56,21,922,1008,750,785,645,564,575,605,1100,1177,522,432,876,815,996,1023,634,628,633,620,731,667,735,669,584,650,599,660,500,413,560,498,986,919,557,477,909,843,754,714,537,499,89,31
930,258,250,1639,1596,1150,1097,1113,1120,590,617,443,406,683,734,532,518,735,806,375,448,799,858,1028,1116,661,614,870,888,753,666,1514,1547,1084,1100,593,626,862,933,609,629,933,979,489,547,864,934,623,707,1101,1026,488,395,838,921,363,358,502,536,78,21,1034,1037,789,885,689,639,762,663,1008,1095,386,431,770,812,933,959,777,681,667,656,832,761,765,713,814,726,751,696,529,444,600,527,902,873,563,468,811,810,753,697,534,464,76,25
935,246,247,1696,1676,1116,1092,1078,1067,573,639,531,439,736,776,510,562,828,843,572,491,857,864,960,1040,600,609,899,901,640,672,1452,1551,971,1002,469,561,811,874,560,630,886,966,561,566,846,936,711,734,1114,1062,432,404,839,902,477,386,522,545,39,23,1033,1093,868,922,764,700,660,662,1075,1093,500,423,880,801,898,973,760,711,788,696,833,800,811,749,835,784,710,684,465,421,524,499,822,875,501,448,802,766,748,661,492,470,73,48
940,197,243,1631,1620,1098,1084,1087,1044,587,671,538,463,760,815,624,604,875,882,449,464,736,793,928,1012,617,610,819,890,696,677,1438,1501,934,948,604,544,766,840,580,613,896,942,534,576,861,943,692,757,1007,1056,424,415,914,953,416,382,395,487,75,21,1125,1166,880,910,753,705,629,668,1092,1118,497,425,875,831,969,1011,770,716,781,708,928,860,842,815,796,764,677,662,521,428,561,480,956,863,539,470,869,811,676,645,480,468,73,48
945,186,242,1741,1650,1103,1027,1051,1008,590,657,555,482,701,772,569,573,818,829,450,457,740,787,911,1008,570,601,837,890,677,647,1394,1423,946,1003,614,554,825,831,601,585,915,935,542,553,809,893,732,748,1032,1043,479,429,921,933,401,375,381,460,91,21,1112,1161,786,872,761,730,754,674,1107,1114,501,433,802,821,928,1023,753,739,726,691,910,868,904,809,886,810,663,654,423,403,544,474,890,917,474,468,833,819,721,629,473,447,80,22
950,219,242,1691,1705,1079,1004,1020,992,617,675,478,466,720,781,576,564,782,828,442,460,739,784,950,980,677,598,837,901,645,627,1399,1399,934,952,593,564,786,856,598,616,933,938,619,552,829,916,693,717,1007,1041,331,417,835,913,457,357,415,419,95,21,1070,1127,842,896,784,704,753,677,1102,1165,497,448,826,809,924,975,762,726,788,719,938,913,789,741,829,804,681,677,523,431,566,522,867,907,537,463,818,789,671,623,509,434,70,23
955,210,242,1657,1598,1061,1025,1028,984,681,698,560,462,681,776,532,573,761,781,453,448,726,738,875,926,567,593,832,861,669,623,1342,1382,856,947,596,565,822,847,567,612,903,911,526,573,885,900,644,710,1125,1037,384,415,895,909,407,364,408,380,90,21,1077,1200,789,883,701,694,647,685,1070,1127,354,445,785,838,844,913,758,723,754,706,943,912,811,792,819,765,614,673,457,439,505,501,860,874,514,458,879,794,722,630,478,431,76,44
960,163,240,1613,1558,1079,1021,999,949,596,654,464,435,707,758,588,550,770,776,466,431,719,731,898,935,601,582,734,826,644,601,1398,1410,908,919,514,551,731,815,583,591,892,922,591,538,795,849,644,705,961,1026,442,393,884,894,405,349,359,397,64,20,1059,1121,801,899,668,744,713,640,1031,1074,483,405,752,786,925,963,758,712,746,647,906,901,894,810,783,751,682,649,411,405,536,480,754,805,529,463,832,790,729,635,503,437,60,42
965,170,238,1703,1641,1051,1009,1059,984,582,644,504,442,725,731,505,545,783,794,506,450,637,702,957,974,567,573,712,792,637,611,1345,1354,733,820,544,533,803,817,538,585,897,955,487,523,734,745,635,683,1069,982,408,372,789,804,420,344,291,373,77,20,971,1031,787,849,743,715,659,667,1036,1048,456,433,760,819,764,789,696,686,677,666,909,870,813,772,740,671,707,655,418,404,484,462,872,773,532,453,916,868,728,735,433,430,70,21
970,218,238,1521,1518,1057,1023,1042,1044,545,617,464,365,617,651,569,516,735,758,435,444,559,650,868,933,580,567,678,757,654,592,1211,1273,791,867,531,523,724,784,459,546,865,957,482,503,626,665,589,626,910,872,385,371,679,763,407,323,294,365,59,18,976,979,707,757,735,648,619,664,991,1085,391,434,813,843,639,722,637,641,639,612,887,820,786,730,621,590,695,645,501,402,559,464,825,789,557,486,1000,912,755,780,485,412,77,26
975,248,239,1488,1459,1075,1060,1093,1072,574,633,450,378,537,619,463,462,709,722,413,426,640,652,809,892,589,559,691,785,563,615,1278,1295,869,917,518,530,688,754,477,482,834,884,516,489,639,689,583,635,779,822,417,352,744,755,426,340,365,367,109,16,807,905,758,772,735,668,666,597,938,1010,492,436,914,928,647,732,717,621,708,619,793,789,840,764,621,597,663,656,461,406,515,468,780,811,553,486,987,924,761,849,471,458,78,52
980,283,244,1496,1484,1121,1093,992,1060,553,605,421,362,570,585,486,448,705,713,430,388,581,633,823,922,526,564,723,818,709,617,1202,1283,840,917,532,509,743,753,516,464,824,853,468,473,649,660,657,669,830,820,292,352,690,757,340,321,364,361,78,17,801,878,740,760,617,620,573,632,983,990,376,420,845,869,797,734,691,676,691,625,886,804,838,746,691,615,652,675,418,403,564,484,897,848,547,532,961,924,821,862,557,491,69,32
985,296,245,1760,1665,1120,1041,1075,1029,568,633,424,368,620,559,520,438,736,746,391,404,598,631,946,972,676,585,838,867,632,642,1239,1247,836,905,612,520,732,756,494,474,807,888,474,453,570,650,632,684,815,813,383,376,719,801,357,322,278,338,84,16,786,872,745,755,643,609,650,703,861,939,339,425,792,831,634,723,700,659,725,672,928,883,678,674,665,644,673,660,471,455,546,546,871,877,565,532,974,936,822,881,472,458,77,34
990,322,245,1764,1703,1091,1091,1054,1070,608,632,428,373,536,569,468,459,691,708,469,417,643,700,1025,1037,518,585,820,833,691,610,1240,1196,812,851,587,497,762,762,449,478,859,876,423,472,611,634,635,661,889,810,394,392,709,791,427,333,297,374,40,18,878,966,744,781,595,573,640,686,829,863,390,392,823,869,803,776,671,633,686,622,947,904,731,722,672,650,699,668,538,453,559,550,868,893,605,526,968,940,789,856,444,441,61,86
995,315,244,1685,1624,1130,1062,938,998,484,562,423,362,630,601,543,475,659,756,371,448,608,655,899,967,614,582,853,885,665,639,1185,1238,767,823,575,485,667,719,422,467,755,849,419,498,581,674,641,661,843,794,456,376,701,776,374,329,299,353,40,17,914,1000,734,829,635,665,704,673,943,966,472,405,842,841,722,742,745,663,641,630,1016,945,770,757,750,658,707,688,478,438,569,516,823,859,469,506,937,927,753,840,476,470,56,33
1000,261,242,1580,1607,1049,1023,845,934,456,542,437,374,520,607,465,512,681,730,421,458,626,683,929,932,609,593,745,830,561,622,1154,1246,735,788,467,470,700,741,529,463,844,859,548,466,693,647,630,653,828,802,401,412,716,795,426,328,324,344,105,17,948,1017,693,777,731,693,716,727,945,1018,415,405,841,851,639,737,734,653,716,652,1009,979,704,703,677,650,738,673,510,449,618,523,814,852,541,513,1007,955,728,811,474,435,66,18
1005,265,241,1633,1642,1087,992,896,926,630,682,463,367,556,608,428,478,758,727,464,456,597,620,884,911,569,600,799,812,631,612,1152,1183,735,773,468,453,668,709,519,453,847,852,550,463,562,624,618,623,885,826,363,400,785,827,401,325,301,332,82,16,971,1015,730,776,696,694,810,734,941,1039,422,423,826,847,818,747,761,668,730,634,1031,976,762,744,692,641,582,647,429,426,625,525,890,879,564,519,1040,953,804,813,464,430,72,43
1010,331,240,1654,1571,1074,1052,960,1009,625,719,414,398,601,603,489,472,607,673,336,432,623,623,881,914,613,591,776,821,636,642,1224,1230,781,753,501,451,660,698,468,443,776,839,420,447,550,642,615,663,856,832,396,393,701,775,399,338,299,378,35,16,1018,1036,745,835,791,700,709,709,978,982,456,427,913,883,757,816,662,651,721,624,1052,961,775,731,687,653,725,650,503,422,588,512,824,843,542,517,1030,958,840,817,510,438,74,95
1015,301,237,1759,1699,1170,1084,998,971,696,706,431,396,581,623,381,477,552,649,495,423,605,609,923,940,590,595,712,802,676,644,1323,1265,674,763,486,456,668,686,456,435,770,851,442,451,585,649,563,635,896,809,398,405,677,770,379,333,345,321,75,17,885,911,707,762,728,692,751,735,886,970,420,412,831,843,771,813,735,717,714,627,1009,950,717,694,644,609,580,651,536,444,597,527,831,838,529,494,956,901,783,844,460,459,84,32
1020,315,236,1640,1665,1034,988,859,899,574,580,470,390,565,602,469,466,763,667,326,418,533,606,840,883,594,604,827,828,654,646,1277,1220,701,741,480,474,608,692,421,457,823,861,520,458,580,657,641,668,865,821,404,387,656,741,356,307,310,316,55,16,915,942,721,801,645,570,758,703,935,994,473,427,802,849,798,814,766,724,732,671,977,898,687,658,693,620,765,666,464,428,519,498,779,871,546,515,968,894,796,839,460,425,71,50
1025,255,238,1710,1725,1110,1012,898,953,471,549,401,379,591,602,467,493,733,781,423,431,630,646,847,886,699,605,848,855,618,638,1216,1252,662,750,554,454,612,637,454,451,778,809,473,472,621,629,585,672,851,816,273,367,633,715,305,281,323,366,73,17,883,909,720,789,737,640,619,689,831,863,397,409,830,787,796,828,824,745,660,656,1033,1081,772,703,722,654,745,651,456,420,568,500,722,813,525,490,941,929,843,830,469,422,75,40
1030,278,239,1676,1666,1007,1002,967,974,516,566,466,376,518,586,460,504,828,842,531,456,632,657,839,848,611,621,807,884,587,655,1173,1213,812,815,467,444,501,584,465,422,718,745,467,442,536,627,594,667,862,855,372,369,632,698,327,302,324,404,29,18,831,846,778,796,662,647,647,669,750,818,426,383,769,691,780,736,888,791,820,725,1227,1227,769,747,730,718,662,663,439,409,561,482,831,774,494,458,1061,992,712,794,471,422,76,19
1035,221,239,1587,1620,1085,995,963,995,573,615,448,372,557,579,529,472,842,843,394,469,725,741,867,889,594,639,915,931,710,649,1248,1214,856,869,472,457,607,609,441,434,699,763,416,434,547,639,681,691,849,836,403,353,599,696,401,323,393,451,29,19,818,831,785,877,623,658,715,675,780,848,417,367,731,655,700,717,758,730,800,756,1213,1276,815,807,828,739,751,700,428,416,572,477,800,830,511,467,1062,1018,898,864,477,423,57,35
1040,152,237,1716,1705,1093,1012,1006,1007,542,614,476,429,642,590,450,448,889,902,418,487,676,761,831,888,561,647,895,955,700,654,1233,1272,830,899,443,473,530,624,517,444,814,818,487,478,618,715,626,712,892,823,396,375,623,707,421,341,470,552,86,22,841,869,839,914,724,711,779,686,777,875,419,384,707,712,797,771,775,705,729,720,1281,1308,802,789,844,795,715,724,533,451,530,507,772,811,474,468,1107,1025,825,899,450,426,69,24
1045,157,237,1705,1705,1039,995,976,990,602,621,443,418,605,636,542,509,942,943,495,486,705,738,894,895,663,643,893,959,683,683,1214,1269,903,909,530,482,636,650,456,464,713,802,591,497,677,738,663,756,909,865,443,381,654,742,468,389,508,580,29,22,927,896,942,943,841,750,610,687,936,938,467,437,791,780,800,822,703,777,806,725,1255,1303,777,759,841,802,737,762,486,472,600,512,808,801,576,484,1140,1083,830,906,498,432,58,23
1050,153,234,1809,1792,1030,1029,994,1012,546,646,544,460,652,662,560,519,964,987,486,497,686,746,912,939,681,659,909,967,630,676,1213,1262,849,921,553,497,568,653,514,461,717,791,456,499,728,737,676,741,994,912,494,401,686,768,439,404,503,602,57,22,825,895,871,881,856,773,684,732,924,938,473,461,814,806,854,875,871,812,783,759,1313,1348,817,741,713,774,760,732,519,487,619,538,762,816,601,515,1137,1083,851,909,472,441,70,23
1055,153,236,1938,1883,1099,1023,994,1020,600,627,553,491,622,716,569,535,923,1005,480,520,744,787,901,972,592,674,987,987,747,703,1338,1295,893,938,559,510,597,665,467,472,752,811,519,487,701,731,668,743,1006,924,466,424,722,777,492,408,558,633,83,24,854,903,856,913,729,772,802,758,913,1001,419,489,875,828,930,875,954,859,847,789,1285,1351,773,724,815,781,678,740,564,477,566,518,840,852,579,512,1052,1034,831,878,522,431,70,23
1060,153,236,1797,1878,1138,1040,1092,1040,532,593,501,479,648,733,546,592,1007,1041,530,533,775,820,985,1004,708,693,911,987,719,703,1281,1285,912,959,590,523,664,680,508,489,759,834,464,517,746,754,696,755,951,921,404,433,806,786,447,446,582,679,32,25,883,943,859,934,862,819,745,792,999,1011,520,512,769,867,816,907,936,860,895,822,1445,1361,829,792,879,813,640,720,439,475,582,515,751,816,503,511,1018,1011,937,854,482,441,58,37
1065,156,235,2012,1959,1037,1034,947,1034,635,662,522,468,578,667,463,562,1021,1031,501,554,765,849,944,1020,612,691,1009,1010,784,706,1369,1295,902,952,573,524,686,697,579,490,795,843,543,517,736,788,725,757,953,944,484,447,715,768,532,440,710,711,102,26,959,963,911,932,863,819,692,780,1001,1067,426,509,916,838,979,984,940,886,809,747,1321,1362,893,795,782,837,803,724,472,463,589,500,773,825,565,517,1094,1017,837,896,509,443,53,30
1070,172,236,1876,1935,1117,1026,943,1029,708,712,575,477,627,701,623,538,969,1011,487,551,766,843,1063,1066,779,728,1017,1047,719,722,1287,1341,920,966,560,528,617,710,528,509,842,871,584,539,705,793,731,767,983,962,504,439,791,817,570,451,725,741,114,25,864,949,900,951,815,824,819,787,978,1058,514,538,954,897,963,971,985,908,950,867,1360,1386,842,804,771,816,724,752,513,496,583,522,870,823,609,522,1126,1036,898,906,465,430,44,28
1075,163,238,2027,1956,1074,1045,965,989,692,755,521,494,747,785,578,565,985,1019,535,513,771,823,1090,1093,661,749,1072,1125,780,765,1308,1362,965,1009,594,525,681,721,548,514,857,895,536,557,753,812,795,810,1020,964,549,463,794,857,474,466,702,786,65,25,905,986,945,957,906,842,753,823,1041,1102,546,534,877,873,931,961,820,912,901,826,1361,1403,790,805,890,803,844,746,584,493,604,543,906,833,578,516,1076,1003,838,858,491,432,51,28
1080,157,236,2061,2026,1117,1064,963,1036,762,822,588,502,716,766,608,593,1031,1050,490,536,713,789,940,1023,724,731,1059,1093,753,755,1324,1350,978,1032,625,552,732,738,540,527,876,899,575,546,708,806,813,825,1001,993,496,472,935,885,568,495,756,787,66,26,1065,1009,886,908,860,813,949,860,1057,1091,511,540,857,851,899,922,949,894,940,928,1315,1416,893,823,896,797,813,765,558,491,606,534,803,810,597,519,1054,1039,861,875,483,433,43,26
1085,163,239,2175,2081,1156,1075,921,1013,603,687,555,511,749,808,561,590,1019,1094,540,578,663,744,1021,1029,654,700,916,976,759,732,1418,1436,1058,1096,658,572,756,780,540,532,796,848,590,557,726,726,808,817,1019,1007,534,488,897,907,623,473,663,626,52,26,965,1011,857,937,856,834,794,827,1061,1113,502,570,1031,1060,987,1038,856,951,982,883,1330,1314,894,850,959,885,700,719,527,463,555,515,827,852,598,519,973,941,809,892,458,436,56,28
1090,199,241,2072,2088,1130,1079,1019,994,539,563,509,492,792,837,596,648,1031,1097,474,541,660,707,1013,1058,719,673,893,906,687,705,1389,1449,1104,1171,565,574,780,813,524,543,680,779,601,560,626,631,742,798,996,991,491,479,876,862,492,384,448,448,68,25,932,995,895,856,768,843,933,864,1091,1127,596,582,1146,1198,1097,1202,964,943,915,819,1436,1338,867,843,830,832,769,686,544,459,609,516,786,835,528,534,856,852,861,935,526,439,58,36
1095,219,240,2040,2013,1089,1088,996,1053,508,529,573,514,821,860,584,648,1005,1037,529,524,684,679,1017,1082,617,661,818,903,707,683,1451,1519,1171,1223,656,566,728,800,581,521,706,758,577,561,613,616,794,799,1063,990,471,458,925,851,440,350,424,385,88,27,967,1045,753,825,914,823,941,852,1095,1182,658,671,1202,1210,1205,1224,1029,1006,853,832,1208,1280,913,847,802,860,691,719,537,470,594,537,798,878,591,552,948,854,906,986,507,438,54,46
1100,258,238,2039,2031,1159,1121,1042,1056,423,493,568,538,846,863,702,610,964,985,572,518,653,695,975,1067,778,682,875,890,728,671,1490,1578,1261,1329,626,556,746,787,544,504,675,760,567,537,599,593,767,801,1058,982,482,452,926,839,438,323,399,378,45,27,1099,1006,759,828,959,876,832,871,1093,1134,597,629,1146,1206,1171,1234,1054,986,907,807,1294,1320,832,881,958,871,649,717,566,480,560,541,773,849,495,540,978,873,1011,1037,494,463,56,57
1105,293,234,2166,2090,1167,1153,929,1024,463,478,534,514,880,928,646,693,959,1007,500,518,712,664,1033,1075,713,689,805,887,776,701,1583,1598,1189,1247,537,554,690,777,558,509,764,785,575,553,673,604,755,780,1019,968,511,438,841,851,446,330,399,353,52,28,906,989,942,844,915,867,968,870,1097,1103,638,595,1179,1179,1079,1169,1042,969,840,800,1275,1346,1002,966,1031,972,831,732,491,472,574,523,828,827,561,554,962,887,914,1004,505,478,43,67
1110,283,233,2137,2091,1208,1116,931,977,463,498,613,517,880,882,721,697,1015,1082,503,540,666,669,1041,1088,694,671,834,856,700,671,1514,1520,1150,1238,541,539,664,761,595,512,789,793,609,540,573,589,747,765,979,928,435,426,710,780,421,323,343,326,39,27,963,1001,874,882,885,877,943,845,1030,1125,529,594,1092,1097,1040,1055,874,941,807,786,1348,1357,979,935,929,931,708,690,512,459,630,532,786,842,619,550,982,875,833,926,488,484,65,63
1115,251,232,2062,2151,1173,1081,952,972,367,450,550,509,781,868,634,681,1037,1080,585,539,621,676,1009,1081,697,679,741,839,646,645,1387,1443,1147,1169,562,536,740,752,578,503,668,757,527,533,558,591,729,751,1030,953,492,447,735,733,354,322,336,320,61,26,1045,947,863,879,933,910,866,871,1041,1062,479,571,972,1029,991,1010,945,928,870,790,1254,1352,980,904,886,861,746,702,549,477,601,549,862,848,531,538,858,833,848,897,496,464,45,64
1120,239,229,2118,2076,1096,1061,930,923,341,433,505,486,802,851,647,683,969,1038,585,531,647,701,1073,1080,654,684,793,820,750,651,1373,1448,1049,1106,607,512,708,722,556,496,672,742,545,520,628,564,684,742,964,959,405,435,689,757,376,331,315,295,48,26,888,962,869,887,902,851,837,866,1014,1048,513,537,1063,989,1027,1073,993,979,737,773,1325,1275,863,893,885,858,746,715,471,466,599,545,778,812,577,525,930,824,844,927,465,448,58,52
1125,262,230,1890,1901,1112,1026,814,890,427,428,557,499,736,805,649,682,956,1009,476,535,651,672,968,1018,721,685,725,822,669,642,1321,1390,1049,1066,495,480,727,705,480,465,719,728,435,517,522,565,717,733,989,892,475,423,763,761,352,344,299,270,53,26,904,958,854,900,820,878,764,786,879,965,542,547,939,1012,1028,1079,922,914,844,774,1273,1289,970,873,791,855,662,712,509,467,603,530,833,792,549,507,826,799,923,945,459,431,75,59
1130,219,230,1990,1920,1049,1016,890,855,348,433,571,492,750,779,658,702,967,1018,437,523,646,667,947,1006,707,659,700,800,562,648,1347,1385,974,1029,487,465,669,687,486,456,686,703,514,503,586,561,666,717,924,884,504,417,621,684,418,328,290,265,26,26,884,899,768,855,919,889,838,805,964,965,488,523,889,956,954,1027,1002,959,791,778,1329,1279,833,838,847,792,755,673,558,467,626,534,767,771,516,504,792,785,877,904,446,427,70,58
1135,225,230,1794,1889,1018,1007,736,824,321,396,535,493,688,779,595,683,922,965,606,515,604,650,995,1004,572,670,787,794,737,642,1321,1335,947,981,514,464,644,661,451,449,643,676,450,489,529,537,770,686,932,874,394,408,644,661,355,325,245,234,59,25,867,894,756,816,891,824,782,822,877,944,455,503,946,966,902,977,1021,950,841,790,1221,1221,878,798,849,758,593,671,479,453,551,507,672,741,510,497,854,781,773,862,484,413,72,57
1140,230,230,1828,1803,1045,950,804,784,388,390,491,464,707,749,588,664,884,925,459,502,594,631,907,987,715,668,739,771,669,630,1243,1260,912,981,496,455,586,651,540,440,606,666,518,483,565,514,583,655,850,832,406,377,628,641,365,309,242,226,32,23,821,866,792,810,869,810,677,773,870,920,425,502,903,921,969,970,1007,910,752,732,1239,1236,862,800,806,707,673,660,386,454,529,504,626,718,506,472,754,743,809,854,401,400,114,56
1145,272,233,1611,1605,930,926,692,706,406,487,543,445,703,722,576,636,773,779,469,487,509,606,877,887,646,636,850,852,635,609,1199,1202,840,849,447,442,545,625,525,428,526,625,528,463,620,650,713,753,853,804,481,385,828,829,377,352,387,392,36,26,810,811,712,778,792,794,736,776,714,808,458,462,712,717,815,858,936,893,795,715,1144,1162,830,779,725,686,709,629,455,445,500,499,733,800,520,489,989,968,824,901,475,380,84,58
1150,241,233,1546,1497,880,862,623,591,478,489,481,484,677,729,623,548,618,688,535,438,541,589,816,832,638,621,755,832,672,584,1152,1164,662,718,481,431,540,625,499,419,548,619,484,464,715,797,722,811,857,822,433,470,1056,1085,505,444,369,437,108,29,780,706,701,766,791,772,651,744,707,750,424,411,702,638,752,769,880,788,737,720,1088,1084,739,713,701,612,693,630,535,450,559,533,864,895,599,582,1090,1184,931,954,387,371,74,70
1155,246,239,1642,1585,906,884,700,620,457,487,471,450,652,741,529,502,711,706,492,439,535,575,787,827,691,658,833,840,547,593,1134,1140,656,704,419,419,617,625,471,435,525,603,423,464,768,835,779,833,880,825,430,526,1099,1133,498,403,305,372,97,30,675,660,712,720,717,697,712,662,649,722,451,412,681,624,622,685,756,727,771,676,1144,1095,755,702,662,588,698,664,512,480,648,636,948,954,602,597,1269,1176,917,917,397,354,75,81
1160,300,242,1607,1693,925,892,615,592,408,477,505,465,631,721,459,466,669,694,507,451,532,581,759,782,554,632,769,860,621,620,1190,1149,634,697,450,430,610,611,483,428,518,582,443,453,731,780,703,792,948,865,459,526,1037,1098,494,404,348,371,115,29,651,736,637,682,677,589,649,596,655,690,459,389,636,582,669,666,824,734,691,650,1135,1055,788,755,658,588,659,685,523,496,670,660,856,937,641,580,1238,1156,853,913,418,365,69,39
1165,247,242,1537,1562,894,859,633,610,450,478,502,428,644,727,498,448,637,669,335,426,497,562,761,767,662,648,828,859,661,631,1023,1121,678,677,437,425,575,608,408,432,546,608,512,427,716,738,735,783,904,864,493,495,982,1050,467,415,392,390,102,32,660,746,626,697,723,695,605,573,613,623,467,372,656,560,694,671,735,700,640,620,1038,1073,811,759,616,608,635,647,530,459,664,618,874,892,536,561,1153,1109,796,890,421,336,92,118
1170,282,242,1525,1489,871,868,671,613,432,502,525,432,626,711,432,448,641,660,441,413,561,558,720,779,568,642,789,850,640,610,1086,1055,619,659,429,425,661,606,457,428,617,641,399,448,644,726,686,784,864,856,466,487,947,1020,463,389,381,362,115,31,649,693,624,648,793,735,631,598,639,657,416,373,618,555,615,639,706,687,715,630,1108,1160,731,729,608,579,625,609,465,446,701,603,802,863,536,519,1080,1087,900,902,382,352,63,53
1175,296,245,1465,1469,804,795,581,575,456,472,514,424,625,691,474,446,622,672,361,424,519,570,733,769,686,601,839,844,567,597,1005,1064,645,664,454,434,582,612,454,458,598,666,462,431,654,687,647,745,804,855,432,475,877,947,464,375,397,371,109,34,623,666,654,630,756,698,613,588,652,700,424,387,586,541,566,665,807,710,685,641,1184,1159,699,688,645,561,639,607,498,444,601,604,813,901,481,559,1107,1081,884,873,395,318,58,116
1180,287,249,1385,1453,872,840,575,628,336,411,499,412,687,722,550,454,598,637,372,414,538,542,730,762,511,593,766,806,672,581,1076,1071,654,669,441,422,466,565,440,429,596,625,419,425,637,705,699,709,848,777,459,481,835,887,398,352,317,302,42,30,647,664,639,603,757,735,684,608,604,698,412,417,534,565,716,698,746,737,647,607,1042,1085,779,717,628,585,527,618,452,465,701,604,841,823,600,508,997,986,699,797,346,314,47,51
1185,251,251,1396,1379,835,780,623,562,435,439,486,420,599,698,415,435,546,609,481,408,522,537,701,745,605,612,772,828,661,604,971,1060,629,665,451,428,545,580,387,421,563,596,384,401,573,669,648,678,832,750,449,423,741,823,421,330,296,308,48,28,583,632,607,614,752,741,605,586,652,683,431,405,597,558,678,710,819,746,625,573,1082,1089,656,716,660,588,634,581,534,442,575,539,798,829,458,480,1042,970,763,794,378,307,39,31
1190,261,248,1250,1305,790,760,534,599,315,393,446,405,616,683,467,415,571,579,284,384,515,511,705,708,634,593,724,796,552,595,995,1020,510,593,460,410,471,558,386,419,495,586,397,390,565,617,561,626,782,697,394,426,674,770,423,325,279,330,123,30,605,598,558,590,617,700,545,554,729,647,449,402,567,546,653,667,762,711,586,585,1110,1143,744,670,540,514,551,537,460,410,603,542,719,788,462,461,925,891,678,739,345,271,38,118
1195,277,251,1264,1184,812,780,513,567,330,399,377,368,629,649,402,410,606,559,456,360,409,489,591,658,461,561,713,734,607,573,975,990,632,632,342,396,491,500,405,387,518,552,413,389,519,605,565,598,636,657,391,426,720,814,384,329,340,289,91,27,504,579,554,577,716,660,600,547,586,651,436,407,632,552,675,624,687,723,593,592,1093,1059,689,628,546,517,586,553,404,389,580,482,699,716,500,443,978,975,768,769,380,295,33,30
1200,319,254,1221,1235,749,720,430,525,385,406,417,354,588,609,403,396,478,576,330,366,398,486,572,664,538,554,619,713,492,539,868,917,493,582,438,389,514,492,379,376,505,514,424,353,521,532,579,585,709,667,403,405,782,812,322,317,303,288,43,26,589,548,534,564,636,670,591,543,615,594,373,393,498,528,541,608,788,730,653,583,1013,1019,638,614,589,501,585,497,381,357,486,483,686,754,508,472,1030,979,630,727,308,276,36,58
1205,245,258,1191,1136,770,740,629,558,398,403,390,386,555,612,404,378,580,607,364,370,481,507,562,661,440,534,840,861,559,548,939,1037,558,499,418,357,366,443,366,363,400,492,278,348,494,560,508,589,754,660,375,393,645,658,356,302,271,297,33,27,631,538,507,588,633,625,527,542,550,645,399,400,563,465,755,693,770,697,671,575,1061,1092,663,597,608,518,439,476,465,375,533,521,614,623,502,436,1046,1005,570,613,275,265,45,96
1210,268,254,887,852,683,623,426,415,392,428,417,380,626,639,362,379,619,681,329,391,516,535,597,672,517,584,857,962,554,594,1125,1204,463,431,374,327,372,412,377,336,417,448,291,327,533,542,588,607,650,617,356,292,477,559,361,271,233,289,122,23,412,462,476,573,635,646,472,544,576,630,427,349,498,409,671,672,765,682,597,581,923,1013,629,620,713,621,495,467,417,360,481,454,532,577,468,428,1085,1085,597,607,310,248,35,24
1215,220,248,847,821,674,613,408,403,402,417,432,374,575,657,407,443,701,750,442,449,539,593,650,693,566,562,874,968,619,603,1143,1238,383,386,297,278,430,386,319,311,405,436,409,312,509,544,540,578,629,606,279,264,444,531,291,248,241,293,61,22,473,407,521,538,561,604,529,486,523,608,410,329,420,404,607,694,650,618,569,529,1073,1078,640,623,632,603,436,431,342,369,507,423,618,622,485,439,1194,1153,748,657,229,223,38,97
1220,199,247,808,804,775,692,565,465,266,363,373,390,537,626,400,495,766,766,420,485,562,610,717,722,562,547,986,1011,590,601,1231,1251,445,417,342,286,319,376,347,283,359,402,344,290,447,523,553,589,636,627,240,277,503,522,238,231,286,320,57,21,412,408,369,463,529,524,481,398,540,557,367,360,475,415,684,689,629,588,623,533,993,1033,671,598,583,598,407,412,371,363,483,426,648,616,488,447,1169,1144,630,671,267,253,41,53
1225,230,245,848,794,728,650,453,416,263,349,365,374,583,634,447,531,745,764,425,470,509,591,672,733,519,576,923,997,526,608,1207,1230,486,419,338,316,359,420,310,314,397,401,339,291,385,484,529,561,626,645,295,287,498,532,259,239,281,267,22,20,475,386,491,428,552,475,411,411,534,515,295,312,453,380,670,679,724,629,612,518,862,922,680,605,601,590,496,418,477,381,499,436,599,615,460,432,1279,1197,715,712,292,259,43,18
1230,213,247,823,757,746,656,440,431,347,417,322,402,538,626,505,520,747,750,469,486,520,592,652,720,494,554,899,974,573,578,1162,1200,396,398,345,306,444,423,407,335,343,403,321,320,470,488,532,538,571,570,329,291,544,479,252,230,267,257,107,19,429,401,492,420,487,444,389,388,485,530,359,302,371,332,507,603,667,581,572,491,863,911,674,591,623,584,417,395,399,362,462,426,608,624,456,455,1251,1186,711,653,310,250,36,74
1235,208,246,793,718,762,674,429,429,364,392,457,435,545,642,457,510,686,762,426,470,536,595,646,711,527,554,864,923,548,552,1099,1162,399,399,383,289,322,421,330,319,388,385,388,331,509,513,503,565,626,591,269,262,420,463,286,220,270,298,48,19,442,418,417,448,524,454,388,387,560,564,329,305,424,331,499,545,441,519,486,438,954,925,634,578,517,579,447,394,393,368,518,423,592,607,505,427,1213,1120,609,626,352,263,40,32
1240,257,241,787,705,692,605,485,386,272,352,393,395,574,634,465,507,653,727,384,455,532,565,643,695,529,552,904,949,501,545,1171,1185,366,391,323,289,407,427,316,321,359,390,318,327,459,529,552,572,693,622,223,251,422,519,269,233,232,262,25,17,412,401,380,473,560,472,359,382,511,535,321,287,431,332,520,534,632,555,562,464,780,809,585,558,593,577,493,401,436,356,448,413,587,588,481,405,1125,1141,636,640,311,248,38,21
1245,181,245,834,763,669,602,458,417,350,359,441,382,570,598,414,494,678,711,388,443,509,546,621,688,510,540,916,959,439,534,1151,1186,411,375,319,287,358,437,276,329,366,404,348,328,448,478,539,540,684,612,328,278,426,512,271,215,242,208,91,15,356,407,367,440,503,427,393,375,550,552,212,297,434,343,624,539,632,569,454,429,932,895,612,569,625,552,444,407,386,352,462,384,471,547,427,385,1132,1111,636,648,296,226,48,83
1250,177,250,825,742,672,626,406,391,240,338,370,383,550,550,422,462,682,691,426,446,559,565,675,697,434,509,926,957,492,512,1102,1121,446,390,299,288,364,420,321,311,332,384,264,313,456,476,532,572,668,620,328,263,473,469,305,221,214,199,112,16,425,397,406,452,381,411,326,347,541,550,333,301,394,361,457,489,579,508,490,461,993,943,627,537,536,506,433,407,429,334,384,374,621,548,421,409,1117,1094,659,647,268,254,37,22
1255,197,250,709,697,652,584,459,370,344,375,249,341,522,548,441,464,666,686,361,439,501,541,666,694,405,503,895,952,515,521,1003,1082,399,376,329,287,350,435,306,312,304,381,363,304,447,481,529,558,568,627,275,236,414,445,250,212,229,176,19,18,426,392,434,441,485,423,346,349,418,509,268,298,367,336,558,527,608,591,527,483,868,916,559,540,581,515,428,368,412,342,508,411,527,590,419,429,1118,1042,666,638,318,227,32,46
1260,164,250,755,700,698,612,483,390,312,367,394,392,471,551,413,449,611,661,351,408,484,523,664,702,465,507,882,910,465,519,1057,1067,394,357,291,269,338,426,333,321,321,412,329,337,445,504,547,557,642,614,270,240,379,447,243,215,218,198,78,17,336,371,386,426,429,413,369,359,545,514,338,292,398,354,478,571,661,573,525,444,833,899,618,563,565,535,421,395,356,360,407,395,545,540,441,380,1130,1053,589,669,284,227,26,52
1265,195,252,971,857,591,583,389,368,273,288,366,376,504,554,355,450,639,681,409,422,451,524,583,678,412,485,730,774,519,517,933,1032,382,406,359,284,454,470,387,328,416,444,318,331,425,494,498,542,662,615,296,232,500,518,244,216,186,177,71,17,421,478,330,396,483,415,357,353,533,506,345,315,414,364,457,493,505,546,513,454,849,879,544,552,537,561,463,464,403,331,449,378,530,610,414,401,992,930,730,704,309,247,34,14
1270,197,250,1130,1037,639,588,487,393,242,302,412,360,540,551,463,469,573,652,378,389,409,477,656,687,475,490,661,663,401,487,920,998,401,442,328,303,414,486,314,340,421,497,361,341,537,547,425,519,676,602,273,279,524,574,290,223,194,173,101,16,603,601,394,413,389,405,417,369,536,509,318,299,410,342,523,488,583,524,426,422,916,952,569,539,569,527,454,478,374,377,484,473,685,686,428,383,898,841,786,753,298,232,35,47
1275,177,254,1093,1067,732,661,569,488,266,318,335,396,501,585,418,461,567,598,310,370,427,464,600,654,411,459,571,631,413,480,944,1027,452,491,324,311,391,482,289,348,474,497,320,376,608,632,568,589,691,698,257,293,554,582,286,245,221,184,75,17,720,686,504,441,548,480,508,409,429,517,343,303,354,349,491,504,588,495,427,412,917,926,505,558,519,586,426,510,359,414,582,487,619,681,424,410,1024,979,778,735,297,247,35,55
1280,206,252,1201,1101,675,641,439,429,237,281,404,388,427,524,406,409,507,563,309,332,363,421,595,620,400,475,591,670,552,510,982,1030,425,479,317,317,475,499,405,349,404,484,299,372,525,621,586,640,737,749,323,274,531,547,359,260,200,230,114,18,523,621,489,460,559,536,460,408,480,550,291,300,388,347,414,508,632,535,421,382,924,995,531,551,609,534,484,481,384,415,549,533,642,694,457,406,985,954,822,782,345,264,32,15
1285,169,254,1261,1230,643,617,519,429,216,256,381,319,405,476,306,396,600,605,351,347,376,442,550,618,487,471,608,694,419,512,1022,1048,355,453,340,311,450,479,387,366,418,516,347,382,504,561,521,588,714,764,310,288,502,600,297,268,191,210,81,19,629,630,439,473,605,520,454,441,650,569,370,314,374,360,514,523,524,515,476,453,943,1035,486,482,533,510,423,498,471,438,588,528,743,719,489,428,1061,1009,757,762,256,245,25,80
1290,158,251,1227,1171,691,653,494,479,253,264,311,317,410,432,334,399,506,601,319,369,421,462,574,638,493,461,592,688,462,526,1033,1049,443,469,351,322,445,463,326,360,455,505,333,378,555,591,559,583,737,731,228,328,585,644,290,272,213,185,85,19,700,665,467,480,571,511,429,417,502,560,373,328,432,383,515,543,561,618,505,427,924,926,525,502,562,521,534,501,466,455,520,533,708,734,499,450,1105,1077,758,777,294,255,34,26
1295,172,247,1195,1177,614,614,464,416,236,263,425,326,446,452,356,391,511,578,299,350,374,428,593,619,457,477,727,728,630,536,1001,1075,398,474,333,339,442,470,366,348,506,508,354,350,532,567,545,590,644,735,320,301,487,581,341,268,140,161,90,19,586,594,463,482,669,571,358,439,521,555,241,325,499,420,528,568,642,568,458,427,1004,968,569,506,536,527,590,513,535,457,618,577,740,760,438,449,1103,1029,746,799,335,251,24,32
1300,236,245,1220,1128,690,654,480,471,250,272,389,320,467,478,401,405,478,576,300,360,413,459,574,642,474,476,702,740,502,554,1048,1107,388,463,363,325,411,469,378,355,447,523,359,364,519,519,567,569,658,701,306,290,488,556,266,245,152,159,51,20,611,617,436,477,510,544,497,474,507,596,319,341,418,403,518,531,596,602,461,455,1126,1036,457,511,625,529,621,533,518,467,603,548,719,715,528,453,1099,1047,746,779,311,244,29,60
1305,156,244,1124,1100,730,640,427,426,259,287,366,329,426,476,316,400,516,614,348,359,392,457,629,639,459,467,646,745,487,561,1047,1146,462,460,345,319,361,441,329,340,433,496,384,342,412,500,492,564,749,670,211,281,532,554,279,245,207,158,83,18,565,589,382,460,598,537,482,457,577,598,330,321,466,389,513,551,604,564,472,451,996,1047,604,535,473,541,478,523,472,467,660,573,706,761,456,453,1129,1075,854,805,355,262,36,11
1310,201,243,1246,1157,674,610,458,441,245,303,429,349,474,494,393,422,552,603,358,373,414,495,700,711,503,503,750,751,560,550,1113,1142,439,485,401,330,367,445,383,349,454,499,319,342,525,533,472,558,673,650,346,288,514,568,292,250,161,146,56,16,546,611,413,450,546,524,404,472,595,606,266,327,440,412,650,553,615,597,462,442,1016,1032,557,545,624,563,527,527,426,464,636,562,682,744,482,476,1155,1102,870,791,313,236,59,56
1315,213,242,1158,1121,763,669,545,474,165,250,394,338,403,501,354,423,588,637,365,389,450,496,685,694,534,512,670,765,633,557,1144,1196,450,511,338,336,386,457,347,360,496,517,375,363,512,568,566,594,591,672,319,295,503,573,260,253,162,178,61,17,557,635,433,449,449,515,450,459,532,631,395,337,465,419,487,577,693,648,478,434,1055,1011,548,571,634,597,550,534,512,482,658,600,734,743,546,469,1204,1181,856,858,314,263,87,26
1320,232,245,1216,1183,710,654,487,435,172,249,381,315,403,489,427,435,631,653,324,394,463,471,567,652,567,499,711,804,588,598,1180,1234,451,521,445,359,446,486,295,365,415,511,349,360,518,587,518,615,767,687,258,284,531,602,301,270,167,168,50,17,534,601,419,438,547,539,493,473,576,617,331,347,473,455,602,604,672,636,477,469,1044,1060,549,543,572,592,523,520,522,477,608,575,695,751,480,512,1358,1293,949,919,306,267,79,42
1325,174,244,1349,1289,801,730,563,540,329,337,404,329,377,473,349,430,519,605,407,389,473,514,658,661,575,501,708,711,497,581,1289,1294,488,518,340,339,379,470,431,375,552,568,278,376,489,537,464,544,646,727,280,318,590,612,267,255,148,151,56,18,556,606,412,445,535,508,426,445,600,606,268,353,473,556,606,648,620,677,536,466,1119,1054,576,572,556,550,463,553,472,516,573,633,703,790,603,535,1443,1275,996,926,317,281,69,70
1330,170,243,1467,1400,836,713,596,503,399,400,329,301,403,491,464,405,551,566,316,397,442,531,607,655,473,492,667,735,551,639,1218,1311,485,559,419,366,463,499,361,382,517,590,361,369,483,545,444,490,715,716,331,327,518,607,310,256,141,149,79,19,589,653,449,465,481,536,426,464,632,662,372,359,689,646,634,679,789,704,582,483,974,987,564,594,529,610,619,627,631,571,682,674,813,794,570,532,1323,1298,866,816,326,289,51,30
1335,232,245,1313,1343,821,712,463,491,295,391,333,304,459,472,404,418,499,553,304,378,452,539,688,716,519,524,718,756,675,703,1281,1336,506,593,406,384,450,506,362,398,556,630,335,371,474,562,394,483,803,717,305,330,622,651,308,279,163,146,70,21,563,645,458,518,537,592,514,521,687,704,347,370,641,643,644,705,816,737,537,490,974,1111,696,644,640,627,681,632,551,529,737,650,724,791,616,539,1400,1313,929,876,352,277,63,51
1340,216,243,1392,1364,811,785,585,533,393,402,337,283,479,456,359,418,478,577,320,399,523,546,721,721,599,541,727,752,639,669,1189,1262,567,577,415,354,453,490,350,375,584,598,396,393,534,581,477,503,695,695,365,332,522,601,296,278,152,159,67,22,575,644,467,472,596,595,523,611,719,724,340,388,570,647,663,670,728,747,587,556,1212,1135,705,612,719,665,576,595,483,507,657,637,819,729,545,540,1410,1354,932,841,329,295,60,18
1345,199,240,1319,1311,799,745,503,495,271,334,357,277,435,468,377,451,561,596,452,396,484,541,738,763,535,544,685,721,588,669,1167,1254,518,553,438,361,414,476,433,340,513,552,323,385,534,580,526,549,729,758,270,318,615,624,353,281,139,152,63,23,605,659,532,535,590,590,534,555,671,722,333,410,565,651,639,701,780,868,687,597,1245,1130,571,638,646,659,628,597,540,473,659,632,785,726,592,540,1363,1307,896,840,373,292,73,32
1350,190,240,1366,1331,912,782,521,520,242,317,333,298,414,479,460,445,488,571,355,376,438,490,667,745,505,544,660,720,582,653,1242,1256,539,545,406,347,471,459,418,339,459,531,360,361,516,539,468,523,675,701,366,341,548,617,371,275,204,158,56,25,520,605,516,535,618,649,452,541,595,654,384,455,733,733,653,720,901,812,621,603,1206,1279,735,649,666,623,590,582,573,497,601,641,663,693,429,497,1349,1177,825,789,381,292,71,24
1355,189,239,1249,1260,794,701,548,466,231,304,321,304,457,467,383,388,433,521,331,340,446,476,663,749,580,547,675,730,672,672,1121,1204,526,532,419,357,404,470,319,335,461,518,405,364,436,527,450,479,719,697,380,336,534,605,358,282,140,150,41,23,661,696,529,561,533,568,538,559,647,704,363,436,675,682,687,679,811,909,668,617,1221,1182,691,651,655,634,553,597,419,483,584,614,687,660,546,487,1252,1143,756,735,366,267,32,19
1360,191,237,1229,1206,683,679,416,452,232,306,330,284,338,438,334,387,464,545,295,336,412,469,694,755,562,524,619,687,688,605,1128,1130,408,499,348,342,453,456,337,336,498,509,361,348,489,502,436,473,750,712,250,297,514,566,306,278,142,148,34,22,597,627,491,533,606,633,520,557,574,643,480,410,622,663,622,674,875,859,585,570,1205,1187,625,636,536,606,580,567,535,467,643,568,660,625,459,446,1104,1047,748,702,297,248,48,22
1365,188,237,1116,1201,682,651,484,453,245,312,315,285,398,424,303,388,445,532,343,349,363,433,626,691,508,497,560,628,485,567,1001,1047,471,491,360,313,358,424,340,317,424,476,320,343,446,522,414,480,692,681,268,295,537,564,351,270,103,130,38,20,519,572,469,521,527,603,568,526,646,652,342,377,556,631,590,653,866,912,580,537,1121,1148,687,598,639,592,578,528,508,428,547,509,608,557,530,432,1038,1012,681,671,249,242,49,18
1370,180,237,1023,1083,690,585,449,409,241,294,265,293,342,406,363,371,456,469,402,318,436,412,654,658,427,468,528,604,465,515,952,994,382,453,338,303,517,440,381,288,438,446,370,331,464,482,407,469,644,674,310,296,486,524,344,275,151,138,49,18,548,641,529,538,468,526,521,533,620,654,432,372,594,606,562,640,800,853,476,562,1101,1095,614,551,633,566,524,494,416,398,542,526,577,582,448,414,1022,949,712,638,310,220,44,13
1375,172,241,1010,1020,603,574,487,396,229,261,317,289,310,385,415,363,425,492,301,310,351,388,549,600,384,451,530,578,531,490,905,944,410,415,318,280,431,430,322,292,438,444,395,314,416,453,393,429,584,643,284,288,409,491,362,279,114,133,38,20,586,574,396,482,537,615,474,527,508,565,335,358,537,597,635,690,730,764,580,536,1184,1088,555,537,559,523,465,467,478,397,523,490,533,542,410,382,909,882,671,596,252,209,42,20
1380,179,243,881,875,647,556,385,397,151,238,290,266,364,389,310,329,360,432,251,291,382,390,515,579,482,422,496,552,541,481,958,984,429,410,278,275,363,371,351,268,357,428,318,310,397,479,363,419,524,586,246,255,440,464,354,254,91,115,41,17,449,525,448,501,644,544,461,497,503,592,258,329,489,539,620,611,773,772,558,513,1068,987,475,519,564,516,446,448,431,359,473,440,507,486,427,370,850,822,650,592,288,200,36,13
