,NS10,EW9,NS16,SE3,BP9,CC12,CE1/DT16,DT5,EW5,DT29,DT30,DT21,DT23,NS17/CC15,NE9,EW27,CC19/DT9,NS18,CC2,NE15,EW12/DT14,NS2,NS3,BP6/DT1,EW21/CC22,CC17,DT2,CG2,SW1,NE4/DT19,EW25,NS4/BP1,NS25/EW13,NE5,EW23,EW20,SE1,PE3,PE1,CC8,PE7,NS24/NE6/CC1,EW22,DT17,CC3,EW7,CG1/DT35,BP10,SW2,NE8,CC20,SW5,DT20,DT24,EW30,NE1/CC29,CC25,DT3,CC21,NE14,DT22,BP12,EW29,NS1/EW24,PE5,DT28,EW10,SE4,BP3,EW6,CC24,NS14,DT6,NE13,NS7,SW3,CC27,EW26,EW11,SW6,NE7/DT12,CC14,CC10/DT26,NS27/CE2,NS28,NS8,CC16,DT25,PE2,CC7,NS21/DT11,PW5,CC5,NS20,PE6,CC23,NS22,EW16/NE3,CC26,EW1,EW8/CC9,BP8,BP7,BP5,EW28,NE10,CC4/DT15,NE17/PTC,PW3,EW19,NS26/EW14,SE5,EW18,SW8,PE4,DT13,SE2,PW1,PW4,BP11,NS11,NE16/STC,BP13,NE12/CC13,EW3,DT7,NS23,PW7,BP2,CC6,DT10,PW6,CC11,EW2/DT32,DT33,DT31,DT8,EW4,EW15,BP4,DT18,CC28,BP14,SW4,EW17,NS19,SW7,EW31,EW33,EW32,DT27,DT34,NS9,NE11,NS5,NS15,NS13
NS10,0,42,17,53,26,30,40,35,46,43,45,47,43,19,37,30,33,21,38,38,36,20,18,23,32,28,29,57,48,40,25,14,34,38,27,34,50,52,49,38,49,32,30,42,40,42,52,27,50,39,35,53,45,41,39,45,41,31,37,36,45,25,36,23,52,41,40,51,19,44,39,9,37,34,7,51,46,27,38,51,33,25,34,38,40,5,26,39,50,40,27,50,40,25,51,37,29,40,43,54,36,25,24,22,32,35,38,42,49,36,36,50,38,48,53,34,51,47,50,27,3,41,24,27,52,39,31,48,18,42,33,49,32,49,51,47,37,49,38,20,43,48,24,52,40,23,49,41,45,43,39,54,2,33,12,15,7
EW9,42,0,25,41,41,12,13,26,8,17,19,21,17,19,20,40,18,21,15,26,6,36,38,34,24,24,32,19,36,17,35,42,8,16,29,22,38,40,37,8,37,10,26,15,13,4,14,42,38,18,24,41,19,15,49,21,33,30,27,24,19,40,46,33,40,15,2,39,42,6,31,33,24,22,49,39,28,37,4,39,12,17,8,12,14,47,22,13,38,10,14,38,13,17,39,29,13,14,31,19,2,40,39,39,42,22,11,30,37,20,10,38,18,36,41,11,39,35,38,42,39,29,39,15,14,22,11,36,43,12,16,37,10,17,22,21,20,11,12,41,16,26,39,40,16,19,37,51,55,53,13,19,44,21,44,27,35
NS16,17,25,0,36,41,13,23,26,29,26,28,30,26,2,20,42,16,4,21,21,19,37,35,34,23,11,32,40,31,23,37,31,17,21,31,28,33,35,32,21,32,15,28,25,23,25,35,42,33,22,18,36,28,24,51,28,29,30,21,19,28,40,48,35,35,24,23,34,36,27,27,8,24,17,24,34,34,39,21,34,16,8,17,21,23,22,9,22,33,23,10,33,23,8,34,25,12,23,31,37,19,40,39,39,44,18,21,25,32,29,19,33,27,31,36,17,34,30,33,42,14,24,39,10,35,22,14,31,35,25,16,32,15,32,34,30,20,32,21,37,26,33,39,35,25,6,32,53,57,55,22,37,19,16,29,2,10
SE3,53,41,36,0,65,29,43,50,45,42,44,45,42,30,28,66,40,36,40,15,39,62,64,58,47,35,56,56,13,38,61,67,40,36,55,52,3,23,20,37,20,34,52,43,42,41,51,66,15,30,42,18,43,40,75,43,53,54,45,17,44,64,72,59,23,40,43,1,66,43,51,44,48,19,60,16,50,63,44,16,32,28,33,44,46,58,33,38,21,39,38,21,43,40,22,49,41,40,53,53,35,64,63,63,68,26,41,13,20,50,42,3,48,13,24,37,1,18,21,66,50,9,63,22,51,46,39,19,67,41,40,20,31,48,50,46,44,48,44,65,42,48,63,17,46,38,14,77,81,79,38,53,55,24,65,38,46
BP9,26,41,41,65,0,44,36,15,49,55,57,44,48,37,37,28,23,37,38,50,32,18,16,3,30,32,9,60,60,39,23,9,37,37,25,32,62,64,61,42,61,35,28,38,36,45,55,1,62,35,29,65,42,50,37,44,39,11,32,48,46,3,34,21,64,53,39,63,7,47,37,35,17,46,19,63,44,25,37,63,29,39,46,38,43,21,34,51,62,40,27,62,36,33,63,35,33,40,41,60,43,1,2,4,30,39,34,54,61,34,39,62,36,60,65,30,63,59,62,2,29,53,4,41,55,19,35,60,8,38,25,61,46,58,63,59,21,52,41,6,39,46,4,64,38,35,61,39,43,41,51,60,24,41,14,41,33
CC12,30,12,13,29,44,0,18,29,16,13,15,17,13,7,13,43,17,13,20,14,18,39,41,37,24,12,35,27,24,21,38,44,20,21,32,29,26,28,25,8,25,19,29,20,18,12,22,45,26,15,19,29,19,11,52,28,30,33,22,12,15,43,49,36,28,11,14,27,45,14,28,21,27,10,37,27,35,40,16,27,17,5,4,20,26,35,10,9,26,10,19,26,14,17,27,26,21,25,32,24,6,43,42,42,45,11,16,18,25,31,22,26,30,24,29,20,27,23,26,45,27,17,42,3,22,25,23,24,46,12,23,25,2,19,21,17,23,19,24,44,21,33,42,28,28,15,25,54,58,56,9,24,32,9,42,15,23
CE1/DT16,40,13,23,43,36,18,0,21,21,23,25,8,12,21,15,38,13,19,6,28,4,34,36,29,22,22,27,32,38,4,33,39,9,9,27,20,40,42,39,10,39,8,24,2,4,17,27,37,40,13,19,43,6,14,47,12,24,25,22,26,10,35,44,31,42,21,11,41,37,19,26,31,19,24,47,41,19,35,9,41,7,23,14,2,8,45,24,16,40,8,9,40,4,15,41,26,14,9,22,32,12,35,34,34,40,17,2,32,39,18,8,40,16,38,43,6,41,37,40,37,37,31,34,21,27,17,12,38,38,6,11,39,16,29,31,27,15,24,10,36,3,17,34,42,14,17,39,49,53,51,19,32,42,19,42,25,33
DT5,35,26,26,50,15,29,21,0,34,40,42,29,33,22,22,37,8,22,23,35,17,27,25,8,19,17,6,45,45,24,32,18,22,22,27,24,47,49,46,27,46,20,24,23,21,30,40,16,47,20,14,50,27,35,46,29,25,4,17,33,31,14,43,30,49,38,24,48,16,32,23,34,2,31,28,48,30,34,22,48,14,24,31,23,28,30,19,36,47,25,12,47,21,18,48,21,18,26,27,45,28,14,13,13,39,24,19,39,46,26,24,47,28,45,50,15,48,44,47,16,38,38,13,26,40,4,20,45,17,23,10,46,31,43,48,44,6,37,26,15,24,32,13,49,30,20,46,48,52,50,36,45,33,26,23,28,36
EW5,46,8,29,45,49,16,21,34,0,18,16,25,21,23,28,48,26,29,23,30,14,44,46,42,32,28,40,11,40,25,43,50,16,24,37,30,42,44,41,12,41,18,34,23,21,4,6,50,42,26,32,45,27,19,57,29,41,38,35,28,23,48,54,41,44,19,10,43,50,2,39,37,32,26,53,43,36,45,12,43,20,21,12,20,22,51,26,17,42,14,22,42,18,25,43,37,21,22,39,11,6,48,47,47,50,27,19,34,41,28,18,42,26,40,45,19,43,39,42,50,43,33,47,19,6,30,19,40,51,16,24,41,14,9,14,14,28,3,20,49,24,34,47,44,24,27,41,59,63,61,17,11,48,25,52,31,39
DT29,43,17,26,42,55,13,23,40,18,0,2,16,12,20,26,55,30,26,25,27,23,51,53,48,37,25,46,21,37,20,50,57,25,25,44,37,39,41,38,13,38,27,41,22,23,17,13,56,39,28,32,42,18,10,64,28,40,44,35,25,14,54,61,48,41,2,19,40,56,19,41,34,38,23,50,40,35,52,21,40,26,18,6,25,31,48,23,8,39,15,28,39,19,30,40,39,30,25,38,11,11,54,53,53,57,24,21,31,38,35,27,39,33,37,42,25,40,36,39,56,40,30,53,16,12,36,28,37,57,17,30,38,11,6,8,4,34,15,29,55,21,33,53,41,31,28,38,66,70,68,4,11,45,22,55,28,36
DT30,45,19,28,44,57,15,25,42,16,2,0,18,14,22,28,57,32,28,27,29,25,53,55,50,39,27,48,19,39,22,52,59,27,27,46,39,41,43,40,15,40,29,43,24,25,19,11,58,41,30,34,44,20,12,66,30,42,46,37,27,16,56,63,50,43,4,21,42,58,18,43,36,40,25,52,42,37,54,23,42,28,20,8,27,33,50,25,10,41,17,30,41,21,32,42,41,32,27,40,9,13,56,55,55,59,26,23,33,40,37,29,41,35,39,44,27,42,38,41,58,42,32,55,18,10,38,30,39,59,19,32,40,13,4,6,2,36,13,31,57,23,35,55,43,33,30,40,68,72,70,6,9,47,24,57,30,38
DT21,47,21,30,45,44,17,8,29,25,16,18,0,4,24,17,39,21,26,14,30,12,35,37,37,23,29,35,36,40,4,34,41,17,9,28,21,42,44,41,17,41,11,25,6,12,21,29,45,42,15,27,45,2,6,48,12,24,33,28,28,2,43,45,32,44,14,19,43,45,23,26,38,27,26,48,43,19,36,17,43,13,22,10,10,16,50,27,8,42,16,17,42,12,22,43,28,18,9,22,27,15,43,42,42,41,19,10,34,41,19,16,42,17,40,45,14,43,39,42,45,44,33,42,20,28,25,16,40,45,14,19,41,15,22,24,20,23,28,15,44,5,17,42,44,15,24,41,50,54,52,12,27,49,21,43,32,40
DT23,43,17,26,42,48,13,12,33,21,12,14,4,0,20,21,43,25,26,18,27,16,39,41,41,27,25,39,32,37,8,38,45,21,13,32,25,39,41,38,13,38,15,29,10,16,17,25,49,39,19,31,42,6,2,52,16,28,37,32,25,2,47,49,36,41,10,19,40,49,19,30,34,31,23,50,40,23,40,21,40,17,18,6,14,20,48,23,4,39,15,21,39,16,26,40,32,22,13,26,23,11,47,46,46,45,23,14,31,38,23,20,39,21,37,42,18,40,36,39,49,40,30,46,16,24,29,20,37,49,17,23,38,11,18,20,16,27,24,19,48,9,21,46,41,19,28,38,54,58,56,8,23,45,22,47,28,36
NS17/CC15,19,19,2,30,37,7,21,22,23,20,22,24,20,0,14,36,10,2,19,15,17,32,34,30,17,5,28,34,25,21,31,33,15,19,25,22,27,29,26,15,26,13,22,23,21,19,29,38,27,16,12,30,26,18,45,26,23,26,15,13,22,36,42,29,29,18,21,28,38,21,21,10,20,11,26,28,28,33,19,28,14,2,11,19,21,24,3,16,27,17,8,27,21,6,28,19,10,21,25,31,13,36,35,35,38,12,19,19,26,24,17,27,25,25,30,15,28,24,27,38,16,18,35,4,29,18,12,25,37,19,14,26,9,26,28,24,16,26,19,37,24,30,35,29,23,4,26,47,51,49,16,31,21,10,31,4,12
NE9,37,20,20,28,37,13,15,22,28,26,28,17,21,14,0,42,14,20,12,13,11,38,40,30,25,19,28,39,23,10,37,40,12,8,31,24,25,27,24,21,24,6,28,15,14,24,34,38,25,2,20,28,15,23,51,15,27,26,23,11,19,36,48,35,27,24,18,26,38,26,29,28,20,9,44,26,22,39,16,26,4,12,17,16,18,42,17,22,25,19,10,25,15,16,26,27,13,12,25,37,19,36,35,35,44,2,13,17,24,22,14,25,20,23,28,9,26,22,25,38,34,16,35,6,34,18,11,23,39,17,12,24,15,32,34,30,16,31,16,37,14,20,35,27,18,18,24,53,57,55,22,37,39,4,45,22,30
EW27,30,40,42,66,28,43,38,37,48,55,57,39,43,36,42,0,26,42,40,51,34,10,12,25,16,31,31,59,61,32,5,16,32,34,11,18,63,65,62,47,62,34,14,37,41,44,54,29,63,40,24,66,37,45,9,33,25,33,21,49,41,27,6,7,65,53,38,64,21,46,23,39,36,47,23,64,30,3,36,64,36,38,47,32,34,25,33,47,63,45,34,63,41,40,64,21,37,26,27,59,42,27,26,24,2,44,39,55,62,20,30,63,22,61,66,37,64,60,63,29,33,54,26,40,54,34,35,61,20,43,32,62,45,57,62,59,32,51,28,22,36,32,26,65,24,42,62,11,15,13,51,59,28,46,18,44,37
CC19/DT9,33,18,16,40,23,17,13,8,26,30,32,21,25,10,14,26,0,14,15,25,9,22,24,16,7,5,14,37,35,16,21,26,14,14,15,12,37,39,36,19,36,12,12,15,13,22,32,24,37,12,2,40,19,27,35,21,13,12,5,23,23,22,32,19,39,28,16,38,24,24,11,24,6,21,35,38,18,23,14,38,6,12,21,15,20,37,7,26,37,17,4,37,13,10,38,9,10,18,15,37,20,22,21,21,28,16,11,29,36,14,16,37,16,35,40,7,38,34,37,24,30,28,21,14,32,4,12,35,25,15,2,36,19,35,38,34,2,29,18,23,16,20,21,39,18,12,36,37,41,39,26,37,35,18,30,18,26
NS18,21,21,4,36,37,13,19,22,29,26,28,26,26,2,20,42,14,0,17,21,15,38,39,30,23,11,28,40,31,19,37,35,13,17,31,27,33,35,32,21,32,11,28,21,19,25,35,38,33,18,18,36,24,24,51,24,29,26,21,19,28,36,48,35,35,24,19,34,38,27,27,12,20,17,28,34,31,39,17,34,12,8,17,17,19,26,9,22,33,23,6,33,19,4,34,25,8,19,31,37,19,36,35,35,44,18,17,25,32,25,15,33,23,31,36,13,34,30,33,38,18,24,35,10,35,18,10,31,39,21,12,32,15,32,34,30,16,32,17,37,22,29,35,35,21,2,32,53,57,55,22,37,23,16,33,6,14
CC2,38,15,21,40,38,20,6,23,23,25,27,14,18,19,12,40,15,17,0,25,6,36,38,31,24,24,29,34,35,10,35,41,8,8,29,22,37,39,36,12,36,2,26,8,2,19,29,39,37,10,21,40,12,20,49,15,27,27,24,23,16,37,46,33,39,23,13,38,39,21,29,29,21,21,45,38,22,37,11,38,8,24,16,8,14,43,26,21,37,10,11,37,6,13,38,28,9,12,25,34,14,37,36,36,42,14,4,29,36,20,10,37,18,35,40,8,38,34,37,39,35,28,36,18,29,19,7,35,40,8,13,36,18,31,33,29,17,26,12,38,9,20,36,39,16,15,36,51,55,53,21,34,40,16,44,23,31
NE15,38,26,21,15,50,14,28,35,30,27,29,30,27,15,13,51,25,21,25,0,24,47,49,43,32,20,41,41,10,23,46,52,25,21,40,37,12,14,11,22,11,19,37,28,27,26,36,51,12,15,27,15,28,25,60,28,38,39,30,2,29,49,57,44,14,25,28,13,51,28,36,29,33,4,45,13,35,48,29,13,17,13,18,29,31,43,18,23,12,24,23,12,28,25,13,34,26,25,38,38,20,49,48,48,53,11,26,4,11,35,27,12,33,10,15,22,13,9,12,51,35,3,48,7,36,31,24,10,52,26,25,11,16,33,35,31,29,33,29,50,27,33,48,14,31,23,11,62,66,64,23,38,40,9,50,23,31
EW12/DT14,36,6,19,39,32,18,4,17,14,23,25,12,16,17,11,34,9,15,6,24,0,30,32,25,18,18,23,25,34,8,29,35,2,10,23,16,36,38,35,10,35,4,20,6,4,10,20,33,36,9,15,39,10,18,43,15,26,21,18,22,14,31,40,27,38,21,4,37,33,12,24,27,15,20,43,37,22,31,2,37,3,23,14,6,8,41,20,19,36,8,5,36,4,11,37,22,7,8,25,25,8,31,30,30,36,13,2,28,35,14,4,36,12,34,39,2,37,33,36,33,33,27,30,17,20,13,5,34,34,6,7,35,16,23,28,27,11,17,6,32,7,20,30,38,10,13,35,45,49,47,19,25,38,15,38,21,29
NS2,20,36,37,62,18,39,34,27,44,51,53,35,39,32,38,10,22,38,36,47,30,0,2,15,12,27,21,55,57,28,5,6,28,30,7,14,59,61,58,43,58,30,10,33,37,40,50,19,59,36,20,62,33,41,19,29,21,23,17,45,37,17,16,3,61,49,34,60,11,42,19,29,29,43,13,60,26,7,32,60,32,34,43,28,30,15,29,43,59,41,30,59,37,36,60,17,33,22,23,55,38,17,16,14,12,40,35,51,58,16,26,59,18,57,62,33,60,56,59,19,23,50,16,36,50,30,31,57,10,39,28,58,41,53,58,55,28,47,24,12,32,28,16,61,20,38,58,21,25,23,47,55,18,42,8,35,27
NS3,18,38,35,64,16,41,36,25,46,53,55,37,41,34,40,12,24,39,38,49,32,2,0,13,14,29,19,57,59,30,7,4,30,32,9,16,61,63,60,45,60,32,12,35,39,42,52,17,61,38,22,64,35,43,21,31,23,21,19,47,39,15,18,5,63,51,36,62,9,44,21,27,27,45,11,62,28,9,34,62,34,36,45,30,32,13,31,45,61,43,32,61,39,38,62,19,35,24,25,57,40,15,14,12,14,42,37,53,60,18,28,61,20,59,64,35,62,58,61,17,21,52,14,38,52,29,33,59,8,41,30,60,43,55,60,57,30,49,26,10,34,30,14,63,22,40,60,23,27,25,49,57,16,44,6,33,25
BP6/DT1,23,34,34,58,3,37,29,8,42,48,50,37,41,30,30,25,16,30,31,43,25,15,13,0,27,25,2,53,53,32,20,6,30,30,22,29,55,57,54,35,54,28,25,31,29,38,48,4,55,28,22,58,35,43,34,37,33,4,25,41,39,2,31,18,57,46,32,56,4,40,31,32,10,39,16,56,38,22,30,56,22,32,39,31,36,18,27,44,55,33,20,55,29,26,56,29,26,34,35,53,36,2,1,1,27,32,27,47,54,31,32,55,33,53,58,23,56,52,55,4,26,46,1,34,48,12,28,53,5,31,18,54,39,51,56,52,14,45,34,3,32,40,1,57,35,28,54,36,40,38,44,53,21,34,11,36,30
EW21/CC22,32,24,23,47,30,24,22,19,32,37,39,23,27,17,25,16,7,23,24,32,18,12,14,27,0,12,25,43,42,16,11,18,16,18,5,2,44,46,43,30,43,18,2,21,24,28,38,31,44,23,5,47,21,29,25,15,6,23,2,30,25,29,22,9,46,35,22,45,23,30,4,31,17,28,25,45,11,13,20,45,17,19,28,16,18,27,14,31,44,28,15,44,24,21,45,2,21,10,8,43,26,29,28,26,18,27,22,36,43,4,14,44,6,42,47,18,45,41,44,31,35,35,28,21,38,15,19,42,22,26,13,43,26,41,45,41,13,35,12,24,20,13,28,46,8,23,43,27,31,29,33,43,30,27,20,25,33
CC17,28,24,11,35,32,12,22,17,28,25,27,29,25,5,19,31,5,11,24,20,18,27,29,25,12,0,23,39,30,25,26,33,23,23,20,17,32,34,31,20,31,21,17,24,22,24,34,33,32,21,7,35,28,23,40,27,18,21,10,18,27,31,37,24,34,23,25,33,33,26,16,19,15,16,35,33,23,28,23,33,15,7,16,24,29,33,2,21,32,22,13,32,22,15,33,14,19,25,20,36,18,31,30,30,33,17,20,24,31,19,25,32,21,30,35,16,33,29,32,33,25,23,30,9,34,13,21,30,34,24,11,31,14,31,33,29,11,31,27,32,25,25,30,34,23,13,31,42,46,44,21,36,30,15,35,13,21
DT2,29,32,32,56,9,35,27,6,40,46,48,35,39,28,28,31,14,28,29,41,23,21,19,2,25,23,0,51,51,30,26,12,28,28,28,30,53,55,52,33,52,26,30,29,27,36,46,10,53,26,20,56,33,41,40,35,31,2,23,39,37,8,37,24,55,44,30,54,10,38,29,38,8,37,22,54,36,28,28,54,20,30,37,29,34,24,25,42,53,31,18,53,27,24,54,27,24,32,33,51,34,8,7,7,33,30,25,45,52,32,30,53,34,51,56,21,54,50,53,10,32,44,7,32,46,10,26,51,11,29,16,52,37,49,54,50,12,43,32,9,30,38,7,55,36,26,52,42,46,44,42,51,27,32,17,34,36
CG2,57,19,40,56,60,27,32,45,11,21,19,36,32,34,39,59,37,40,34,41,25,55,57,53,43,39,51,0,51,36,54,61,27,35,48,41,53,55,52,23,52,29,45,34,32,15,5,61,53,37,43,56,38,30,68,40,52,49,46,39,34,59,65,52,55,23,21,54,61,13,50,48,43,37,64,54,47,56,23,54,31,32,23,31,33,62,37,28,53,25,33,53,29,36,54,48,32,33,50,16,17,59,58,58,61,38,30,45,52,39,29,53,37,51,56,30,54,50,53,61,54,44,58,30,11,41,30,51,62,27,35,52,25,14,13,17,39,8,31,60,35,45,58,55,35,38,52,70,74,72,25,10,59,36,63,42,50
SW1,48,36,31,13,60,24,38,45,40,37,39,40,37,25,23,61,35,31,35,10,34,57,59,53,42,30,51,51,0,33,56,62,35,31,50,47,10,18,15,32,15,29,47,38,37,36,46,61,2,25,37,5,38,35,70,38,48,49,40,12,39,59,67,54,18,35,38,11,61,38,46,39,43,14,55,3,45,58,39,7,27,23,28,39,41,53,28,33,16,34,33,16,38,35,17,44,36,35,48,48,30,59,58,58,63,21,36,8,15,45,37,10,43,10,19,32,11,13,16,61,45,4,58,17,46,41,34,14,62,36,35,15,26,43,45,41,39,43,39,60,37,43,58,4,41,33,8,72,76,74,33,48,50,19,60,33,41
NE4/DT19,40,17,23,38,39,21,4,24,25,20,22,4,8,21,10,32,16,19,10,23,8,28,30,32,16,25,30,36,33,0,27,34,10,2,21,14,35,37,34,14,34,4,18,2,8,21,31,40,35,8,22,38,2,10,41,5,17,28,21,21,6,38,38,25,37,18,15,36,39,23,19,31,22,19,41,36,12,29,13,36,6,22,14,6,12,43,27,12,35,12,12,35,8,15,36,21,11,2,15,31,16,38,37,37,34,12,6,27,34,12,10,35,10,33,38,10,36,32,35,40,37,26,37,16,31,20,9,33,38,10,14,34,19,26,28,24,18,28,8,39,1,10,37,37,8,17,34,43,47,45,16,31,42,14,36,25,33
EW25,25,35,37,61,23,38,33,32,43,50,52,34,38,31,37,5,21,37,35,46,29,5,7,20,11,26,26,54,56,27,0,11,27,29,6,13,58,60,57,42,57,29,9,32,36,39,49,24,58,35,19,61,32,40,14,28,20,28,16,44,36,22,11,2,60,48,33,59,16,41,18,34,31,42,18,59,25,2,31,59,31,33,42,27,29,20,28,42,58,40,29,58,36,35,59,16,32,21,22,54,37,22,21,19,7,39,34,50,57,15,25,58,17,56,61,32,59,55,58,24,28,49,21,35,49,29,30,56,15,38,27,57,40,52,57,54,27,46,23,17,31,27,21,60,19,37,57,16,20,18,46,54,23,41,13,39,32
NS4/BP1,14,42,31,67,9,44,39,18,50,57,59,41,45,33,40,16,26,35,41,52,35,6,4,6,18,33,12,61,62,34,11,0,34,36,13,20,64,66,63,45,63,36,16,39,39,46,56,10,64,38,26,67,39,47,25,35,27,14,23,50,43,8,22,9,66,55,40,65,2,48,25,23,20,48,7,65,32,13,38,65,32,39,48,34,36,9,35,49,64,43,30,64,39,36,65,23,36,28,29,61,44,8,7,5,18,42,37,56,63,22,32,64,24,62,67,33,65,61,64,10,17,55,7,41,56,22,37,62,1,41,28,63,46,59,64,61,24,53,30,3,38,34,7,66,26,37,63,27,31,29,53,61,12,44,2,29,21
NS25/EW13,34,8,17,40,37,20,9,22,16,25,27,17,21,15,12,32,14,13,8,25,2,28,30,30,16,23,28,27,35,10,27,34,0,8,21,14,37,39,36,15,36,2,18,11,9,12,22,38,37,10,20,40,15,23,41,13,25,26,21,23,19,36,38,25,39,23,6,38,38,14,23,25,20,21,41,38,20,29,4,38,8,21,16,4,6,39,22,21,37,13,7,37,9,9,38,21,5,6,23,27,10,36,35,35,34,14,7,29,36,12,2,37,10,35,40,7,38,34,37,38,31,28,35,18,22,18,3,35,38,11,12,36,18,25,30,29,16,19,4,37,12,18,35,39,8,11,36,43,47,45,21,27,36,16,36,19,27
NE5,38,16,21,36,37,21,9,22,24,25,27,9,13,19,8,34,14,17,8,21,10,30,32,30,18,23,28,35,31,2,29,36,8,0,23,16,33,35,32,19,32,2,20,7,10,20,30,38,33,6,20,36,7,15,43,7,19,26,23,19,11,36,40,27,35,23,14,34,38,22,21,29,20,17,43,34,14,31,12,34,4,20,19,11,14,43,25,17,33,17,10,33,13,13,34,23,9,4,17,35,18,36,35,35,36,10,11,25,32,14,10,33,12,31,36,9,34,30,33,38,35,24,35,14,30,18,7,31,39,15,12,32,23,31,33,29,16,27,10,37,6,12,35,35,10,15,32,45,49,47,21,35,40,12,38,23,31
EW23,27,29,31,55,25,32,27,27,37,44,46,28,32,25,31,11,15,31,29,40,23,7,9,22,5,20,28,48,50,21,6,13,21,23,0,7,52,54,51,36,51,23,3,26,30,33,43,26,52,29,13,55,26,34,20,22,14,30,10,38,30,24,17,4,54,42,27,53,18,35,12,36,25,36,20,53,19,8,25,53,25,27,36,21,23,22,22,36,52,34,23,52,30,29,53,10,26,15,16,48,31,24,23,21,13,33,28,44,51,9,19,52,11,50,55,26,53,49,52,26,30,43,23,29,43,23,24,50,17,32,21,51,34,46,51,48,21,40,17,19,25,21,23,54,13,31,51,22,26,24,40,48,25,35,15,33,34
EW20,34,22,28,52,32,29,20,24,30,37,39,21,25,22,24,18,12,27,22,37,16,14,16,29,2,17,30,41,47,14,13,20,14,16,7,0,49,51,48,29,48,16,4,19,23,26,36,33,49,22,10,52,19,27,27,15,11,28,7,35,23,31,24,11,51,35,20,50,25,28,9,36,22,33,27,50,16,15,18,50,20,24,30,14,16,29,19,29,49,27,20,49,23,23,50,7,19,8,13,41,24,31,30,28,20,26,21,41,48,2,12,49,4,47,52,21,50,46,49,33,37,40,30,26,36,20,17,47,24,25,18,48,31,39,44,41,18,33,10,26,18,18,30,51,6,25,48,29,33,31,33,41,32,28,22,30,38
SE1,50,38,33,3,62,26,40,47,42,39,41,42,39,27,25,63,37,33,37,12,36,59,61,55,44,32,53,53,10,35,58,64,37,33,52,49,0,20,17,34,17,31,49,40,39,38,48,63,12,27,39,15,40,37,72,40,50,51,42,14,41,61,69,56,20,37,40,4,63,40,48,41,45,16,57,13,47,60,41,13,29,25,30,41,43,55,30,35,18,36,35,18,40,37,19,46,38,37,50,50,32,61,60,60,65,23,38,10,17,47,39,6,45,10,21,34,1,15,18,63,47,6,60,19,48,43,36,16,64,38,37,17,28,45,47,43,41,45,41,62,39,45,60,14,43,35,11,74,78,76,35,50,52,21,62,35,43
PE3,52,40,35,23,64,28,42,49,44,41,43,44,41,29,27,65,39,35,39,14,38,61,63,57,46,34,55,55,18,37,60,66,39,35,54,51,20,0,3,36,6,33,51,42,41,40,50,65,20,29,41,23,42,39,74,42,52,53,44,16,43,63,71,58,3,39,42,21,65,42,50,43,47,18,59,21,49,62,43,21,31,27,32,43,45,57,32,37,2,38,37,12,42,39,4,48,40,39,52,52,34,63,62,62,67,25,40,7,11,49,41,20,47,18,1,36,21,9,12,65,49,11,62,21,50,45,38,10,66,40,39,11,30,47,49,45,43,47,43,64,41,47,62,22,45,37,19,76,80,78,37,52,54,23,64,37,45
PE1,49,37,32,20,61,25,39,46,41,38,40,41,38,26,24,62,36,32,36,11,35,58,60,54,43,31,52,52,15,34,57,63,36,32,51,48,17,3,0,33,9,30,48,39,38,37,47,62,17,26,38,20,39,36,71,39,49,50,41,13,40,60,68,55,6,36,39,18,62,39,47,40,44,15,56,18,46,59,40,18,28,24,29,40,42,54,29,34,1,35,34,9,39,36,7,45,37,36,49,49,31,60,59,59,64,22,37,4,8,46,38,17,44,15,4,33,18,6,9,62,46,8,59,18,47,42,35,7,63,37,36,8,27,44,46,42,40,44,40,61,38,44,59,19,42,34,16,73,77,75,34,49,51,20,61,34,42
CC8,38,8,21,37,42,8,10,27,12,13,15,17,13,15,21,47,19,21,12,22,10,43,45,35,30,20,33,23,32,14,42,45,15,19,36,29,34,36,33,0,33,14,33,12,10,8,18,43,34,19,25,37,16,11,56,22,34,31,28,20,15,41,53,40,36,11,10,35,43,10,34,29,25,18,45,35,29,44,12,35,13,13,4,12,18,43,18,9,34,2,15,34,6,21,35,32,20,19,32,23,2,41,40,40,49,19,8,26,33,27,17,34,25,32,37,12,35,31,34,43,35,25,40,11,18,23,18,32,44,4,17,33,6,19,21,17,21,15,19,42,13,27,40,36,23,23,33,58,62,60,9,23,40,17,50,23,31
PE7,49,37,32,20,61,25,39,46,41,38,40,41,38,26,24,62,36,32,36,11,35,58,60,54,43,31,52,52,15,34,57,63,36,32,51,48,17,6,9,33,0,30,48,39,38,37,47,62,17,26,38,20,39,36,71,39,49,50,41,13,40,60,68,55,3,36,39,18,62,39,47,40,44,15,56,18,46,59,40,18,28,24,29,40,42,54,29,34,8,35,34,9,39,36,2,45,37,36,49,49,31,60,59,59,64,22,37,4,8,46,38,17,44,15,5,33,18,6,9,62,46,8,59,18,47,42,35,7,63,37,36,8,27,44,46,42,40,44,40,61,38,44,59,19,42,34,16,73,77,75,34,49,51,20,61,34,42
NS24/NE6/CC1,32,10,15,34,35,19,8,20,18,27,29,11,15,13,6,34,12,11,2,19,4,30,32,28,18,21,26,29,29,4,29,36,2,2,23,16,31,33,30,14,30,0,20,9,4,14,24,36,31,4,18,34,9,17,43,9,21,24,21,17,13,34,40,27,33,25,8,32,36,16,23,23,18,15,39,32,16,31,6,32,2,18,18,6,8,37,20,19,31,12,5,31,8,7,32,23,3,6,19,29,12,34,33,33,36,8,6,23,30,14,4,31,12,29,34,7,32,28,31,36,29,22,33,12,24,16,1,29,37,10,10,30,20,27,32,31,14,21,6,35,8,14,33,33,10,9,30,45,49,47,23,29,34,10,38,17,25
EW22,30,26,28,52,28,29,24,24,34,41,43,25,29,22,28,14,12,28,26,37,20,10,12,25,2,17,30,45,47,18,9,16,18,20,3,4,49,51,48,33,48,20,0,23,27,30,40,29,49,26,10,52,23,31,23,19,11,28,7,35,27,27,20,7,51,39,24,50,21,32,9,36,22,33,23,50,16,11,22,50,22,24,33,18,20,25,19,33,49,31,20,49,27,26,50,7,23,12,13,45,28,27,26,24,16,30,25,41,48,6,16,49,8,47,52,23,50,46,49,29,33,40,26,26,40,20,21,47,20,29,18,48,31,43,48,45,18,37,14,22,22,18,26,51,10,28,48,25,29,27,37,45,28,32,18,30,37
DT17,42,15,25,43,38,20,2,23,23,22,24,6,10,23,15,37,15,21,8,28,6,33,35,31,21,24,29,34,38,2,32,39,11,7,26,19,40,42,39,12,39,9,23,0,6,19,29,39,40,13,21,43,4,12,46,10,22,27,24,26,8,37,43,30,42,20,13,41,39,21,24,33,21,24,46,41,17,34,11,41,9,25,16,4,10,47,26,14,40,10,11,40,6,17,41,26,16,7,20,33,14,37,36,36,39,17,4,32,39,17,10,40,15,38,43,8,41,37,40,39,39,31,36,21,29,19,14,38,40,8,13,39,18,28,30,26,17,26,12,38,1,15,36,42,13,19,39,48,52,50,18,33,44,19,41,27,35
CC3,40,13,23,42,36,18,4,21,21,23,25,12,16,21,14,41,13,19,2,27,4,37,39,29,24,22,27,32,37,8,36,39,9,10,30,23,39,41,38,10,38,4,27,6,0,17,27,37,39,12,19,42,10,18,50,16,28,25,22,25,14,35,47,34,41,21,11,40,37,19,28,31,19,23,47,40,23,38,9,40,7,23,14,6,12,45,24,19,39,8,9,39,4,15,40,26,11,13,26,32,12,35,34,34,43,16,2,31,38,21,11,39,19,37,42,6,40,36,39,37,37,30,34,20,27,17,9,37,38,6,11,38,16,29,31,27,15,24,13,36,7,21,34,41,17,17,38,52,56,54,19,32,42,18,44,25,33
EW7,42,4,25,41,45,12,17,30,4,17,19,21,17,19,24,44,22,25,19,26,10,40,42,38,28,24,36,15,36,21,39,46,12,20,33,26,38,40,37,8,37,14,30,19,17,0,10,46,38,22,28,41,23,15,53,25,37,34,31,24,19,44,50,37,40,15,6,39,46,2,35,33,28,22,49,39,32,41,8,39,16,17,8,16,18,47,22,13,38,10,18,38,14,21,39,33,17,18,35,15,2,44,43,43,46,23,15,30,37,24,14,38,22,36,41,15,39,35,38,46,39,29,43,15,10,26,15,36,47,12,20,37,10,13,18,18,24,7,16,45,20,30,43,40,20,23,37,55,59,57,13,15,44,21,48,27,35
CG1/DT35,52,14,35,51,55,22,27,40,6,13,11,29,25,29,34,54,32,35,29,36,20,50,52,48,38,34,46,5,46,31,49,56,22,30,43,36,48,50,47,18,47,24,40,29,27,10,0,56,48,32,38,51,31,23,63,35,47,44,41,34,27,54,60,47,50,15,16,49,56,8,45,43,38,32,59,49,42,51,18,49,26,27,18,26,28,57,32,21,48,20,28,48,24,31,49,43,27,28,45,11,12,54,44,53,56,33,25,40,47,34,24,48,32,46,51,25,49,45,48,56,49,39,53,25,6,36,25,46,57,22,30,47,20,7,5,9,34,3,26,55,30,40,53,50,30,33,47,65,69,67,17,2,54,31,58,37,45
BP10,27,42,42,66,1,45,37,16,50,56,58,45,49,38,38,29,24,38,39,51,33,19,17,4,31,33,10,61,61,40,24,10,38,38,26,33,63,65,62,43,62,36,29,39,37,46,56,0,63,36,30,66,43,51,38,45,40,12,33,49,47,2,35,22,65,54,40,64,8,48,38,36,18,47,20,64,45,26,38,64,30,40,47,39,44,22,35,52,63,41,28,63,37,34,64,36,34,41,42,61,44,2,3,5,31,40,35,55,62,35,40,63,37,61,66,31,64,60,63,1,30,54,3,42,56,20,36,61,9,39,26,62,47,59,64,60,22,53,42,7,40,47,5,65,39,36,62,40,44,42,52,61,25,42,15,42,34
SW2,50,38,33,15,62,26,40,47,42,39,41,42,39,27,25,63,37,33,37,12,36,59,61,55,44,32,53,53,2,35,58,64,37,33,52,49,12,20,17,34,17,31,49,40,39,38,48,63,0,27,39,3,40,37,72,40,50,51,42,14,41,61,69,56,20,37,40,13,63,40,48,41,45,16,57,1,47,60,41,5,29,25,30,41,43,55,30,35,18,36,35,18,40,37,19,46,38,37,50,50,32,61,60,60,65,23,38,10,17,47,39,12,45,8,21,34,13,15,18,63,47,6,60,19,48,43,36,16,64,38,37,17,28,45,47,43,41,45,41,62,39,45,60,2,43,35,6,74,78,76,35,50,52,21,62,35,43
NE8,39,18,22,30,35,15,13,20,26,28,30,15,19,16,2,40,12,18,10,15,9,36,38,28,23,21,26,37,25,8,35,38,10,6,29,22,27,29,26,19,26,4,26,13,12,22,32,36,27,0,18,30,13,21,49,13,25,24,21,13,17,34,46,33,29,26,16,28,36,24,27,30,18,11,46,28,20,37,14,28,2,14,19,14,16,44,19,23,27,17,8,27,13,14,28,25,11,10,23,37,20,34,33,33,42,4,11,19,26,20,12,27,18,25,30,7,28,24,27,36,36,18,33,8,32,16,9,25,37,15,10,26,17,34,36,32,14,29,14,35,12,18,33,29,16,16,26,51,55,53,24,37,41,6,43,24,32
CC20,35,24,18,42,29,19,19,14,32,32,34,27,31,12,20,24,2,18,21,27,15,20,22,22,5,7,20,43,37,22,19,26,20,20,13,10,39,41,38,25,38,18,10,21,19,28,38,30,39,18,0,42,25,30,33,20,11,18,3,25,29,28,30,17,41,30,22,40,30,30,9,26,12,23,33,40,16,21,20,40,12,14,23,21,26,35,9,28,39,23,10,39,19,16,40,7,16,18,13,43,25,28,27,27,26,22,17,31,38,12,22,39,14,37,42,13,40,36,39,30,32,30,27,16,38,10,18,37,30,21,8,38,21,38,40,36,8,35,20,29,22,18,27,41,16,18,38,35,39,37,28,43,37,22,28,20,28
SW5,53,41,36,18,65,29,43,50,45,42,44,45,42,30,28,66,40,36,40,15,39,62,64,58,47,35,56,56,5,38,61,67,40,36,55,52,15,23,20,37,20,34,52,43,42,41,51,66,3,30,42,0,43,40,75,43,53,54,45,17,44,64,72,59,23,40,43,16,66,43,51,44,48,19,60,2,50,63,44,2,32,28,33,44,46,58,33,38,21,39,38,21,43,40,22,49,41,40,53,53,35,64,63,63,68,26,41,13,20,50,42,15,48,5,24,37,16,18,21,66,50,9,63,22,51,46,39,19,67,41,40,20,31,48,50,46,44,48,44,65,42,48,63,1,46,38,3,77,81,79,38,53,55,24,65,38,46
DT20,45,19,28,43,42,19,6,27,27,18,20,2,6,26,15,37,19,24,12,28,10,33,35,35,21,28,33,38,38,2,32,39,15,7,26,19,40,42,39,16,39,9,23,4,10,23,31,43,40,13,25,43,0,8,46,10,22,31,26,26,4,41,43,30,42,16,17,41,43,25,24,36,25,24,46,41,17,34,15,41,11,24,12,8,14,48,29,10,40,14,15,40,10,20,41,26,16,7,20,29,17,41,40,40,39,17,8,32,39,17,14,40,15,38,43,12,41,37,40,43,42,31,40,21,30,23,14,38,43,12,17,39,17,24,26,22,21,30,13,42,3,15,40,42,13,22,39,48,52,50,14,29,47,19,41,30,38
DT24,41,15,24,40,50,11,14,35,19,10,12,6,2,18,23,45,27,24,20,25,18,41,43,43,29,23,41,30,35,10,40,47,23,15,34,27,37,39,36,11,36,17,31,12,18,15,23,51,37,21,30,40,8,0,54,18,30,39,33,23,4,49,51,38,39,8,17,38,51,17,32,32,33,21,48,38,25,42,19,38,19,16,4,16,22,46,21,2,37,13,23,37,17,28,38,34,24,15,28,21,9,49,48,48,47,22,16,29,36,25,22,37,23,35,40,20,38,34,37,51,38,28,48,14,22,31,22,35,51,15,25,36,9,16,18,14,29,22,21,50,11,23,48,39,21,26,36,56,60,58,6,21,43,20,49,26,34
EW30,39,49,51,75,37,52,47,46,57,64,66,48,52,45,51,9,35,51,49,60,43,19,21,34,25,40,40,68,70,41,14,25,41,43,20,27,72,74,71,56,71,43,23,46,50,53,63,38,72,49,33,75,46,54,0,42,34,42,30,58,50,36,3,16,74,62,47,73,30,55,32,48,45,56,32,73,39,12,45,73,45,47,56,41,43,34,42,56,72,54,43,72,50,49,73,30,46,35,36,68,51,36,35,33,7,53,48,64,71,29,39,72,31,70,75,46,73,69,72,38,42,63,35,49,63,43,44,70,29,52,41,71,54,66,71,68,41,60,37,31,45,41,35,74,33,51,71,2,6,4,60,68,37,55,27,53,46
NE1/CC29,45,21,28,43,44,28,12,29,29,28,30,12,16,26,15,33,21,24,15,28,15,29,31,37,15,27,35,40,38,5,28,35,13,7,22,15,40,42,39,22,39,9,19,10,16,25,35,45,40,13,20,43,10,18,42,0,9,33,17,26,14,43,39,26,42,26,19,41,40,27,11,36,27,24,42,41,4,30,17,41,11,27,22,13,15,44,29,20,40,20,17,40,16,20,41,13,16,3,7,39,23,43,42,42,35,17,14,32,39,13,11,40,11,38,43,16,41,37,40,45,42,31,42,21,35,25,14,38,39,18,19,39,27,34,36,32,23,32,9,41,9,2,42,42,9,22,39,44,48,46,24,39,47,19,37,30,38
CC25,41,33,29,53,39,30,24,25,41,40,42,24,28,23,27,25,13,29,27,38,26,21,23,33,6,18,31,52,48,17,20,27,25,19,14,11,50,52,49,34,49,21,11,22,28,37,47,40,50,25,11,53,22,30,34,9,0,29,8,36,26,38,31,18,52,38,31,51,32,39,2,37,23,34,34,51,5,22,29,51,23,25,34,25,27,36,20,32,50,32,21,50,28,27,51,4,27,15,2,51,35,38,37,35,27,29,26,42,49,13,23,50,15,48,53,24,51,47,50,40,43,41,37,27,47,21,26,48,31,30,19,49,32,46,48,44,19,44,21,33,21,7,37,52,17,29,49,36,40,38,36,51,39,31,29,31,39
DT3,31,30,30,54,11,33,25,4,38,44,46,33,37,26,26,33,12,26,27,39,21,23,21,4,23,21,2,49,49,28,28,14,26,26,30,28,51,53,50,31,50,24,28,27,25,34,44,12,51,24,18,54,31,39,42,33,29,0,21,37,35,10,39,26,53,42,28,52,12,36,27,38,6,35,24,52,34,30,26,52,18,28,35,27,32,26,23,40,51,29,16,51,25,22,52,25,22,30,31,49,32,10,9,9,35,28,23,43,50,30,28,51,32,49,54,19,52,48,51,12,34,42,9,30,44,8,24,49,13,27,14,50,35,47,52,48,10,41,30,11,28,36,9,53,34,24,50,44,48,46,40,49,29,30,19,32,38
CC21,37,27,21,45,32,22,22,17,35,35,37,28,32,15,23,21,5,21,24,30,18,17,19,25,2,10,23,46,40,21,16,23,21,23,10,7,42,44,41,28,41,21,7,24,22,31,41,33,42,21,3,45,26,33,30,17,8,21,0,28,30,31,27,14,44,33,25,43,28,33,6,29,15,26,30,43,13,18,23,43,15,17,26,21,23,32,12,31,42,26,13,42,22,19,43,4,19,15,10,46,28,31,30,30,23,25,20,34,41,9,19,42,11,40,45,16,43,39,42,33,35,33,30,19,41,13,21,40,27,24,11,41,24,41,43,39,11,38,17,29,25,15,30,44,13,21,41,32,36,34,31,46,35,25,25,23,31
NE14,36,24,19,17,48,12,26,33,28,25,27,28,25,13,11,49,23,19,23,2,22,45,47,41,30,18,39,39,12,21,44,50,23,19,38,35,14,16,13,20,13,17,35,26,25,24,34,49,14,13,25,17,26,23,58,26,36,37,28,0,27,47,55,42,16,23,26,15,49,26,34,27,31,2,43,15,33,46,27,15,15,11,16,27,29,41,16,21,14,22,21,14,26,23,15,32,24,23,36,36,18,47,46,46,51,9,24,6,13,33,25,14,31,12,17,20,15,11,14,49,33,5,46,5,34,29,22,12,50,24,23,13,14,31,33,29,27,31,27,48,25,31,46,16,29,21,13,60,64,62,21,36,38,7,48,21,29
DT22,45,19,28,44,46,15,10,31,23,14,16,2,2,22,19,41,23,28,16,29,14,37,39,39,25,27,37,34,39,6,36,43,19,11,30,23,41,43,40,15,40,13,27,8,14,19,27,47,41,17,29,44,4,4,50,14,26,35,30,27,0,45,47,34,43,12,21,42,47,21,28,36,29,25,50,42,21,38,19,42,15,20,8,12,18,50,25,6,41,17,19,41,14,24,42,30,20,11,24,25,13,45,44,44,43,21,12,33,40,21,18,41,19,39,44,16,42,38,41,47,42,32,44,18,26,27,18,39,47,16,21,40,13,20,22,18,25,26,17,46,7,19,44,43,17,26,40,52,56,54,10,25,47,23,45,30,38
BP12,25,40,40,64,3,43,35,14,48,54,56,43,47,36,36,27,22,36,37,49,31,17,15,2,29,31,8,59,59,38,22,8,36,36,24,31,61,63,60,41,60,34,27,37,35,44,54,2,61,34,28,64,41,49,36,43,38,10,31,47,45,0,33,20,63,52,38,62,6,46,36,34,16,45,18,62,43,24,36,62,28,38,45,37,42,20,33,50,61,39,26,61,35,32,62,34,32,39,40,59,42,4,5,3,29,38,33,53,60,33,38,61,35,59,64,29,62,58,61,1,28,52,1,40,54,18,34,59,7,37,24,60,45,57,62,58,20,51,40,5,38,45,3,63,37,34,60,38,42,40,50,59,23,40,13,40,32
EW29,36,46,48,72,34,49,44,43,54,61,63,45,49,42,48,6,32,48,46,57,40,16,18,31,22,37,37,65,67,38,11,22,38,40,17,24,69,71,68,53,68,40,20,43,47,50,60,35,69,46,30,72,43,51,3,39,31,39,27,55,47,33,0,13,71,59,44,70,27,52,29,45,42,53,29,70,36,9,42,70,42,44,53,38,40,31,39,53,69,51,40,69,47,46,70,27,43,32,33,65,48,33,32,30,4,50,45,61,68,26,36,69,28,67,72,43,70,66,69,35,39,60,32,46,60,40,41,67,26,49,38,68,51,63,68,65,38,57,34,28,42,38,32,71,30,48,68,5,9,7,57,65,34,52,24,50,43
NS1/EW24,23,33,35,59,21,36,31,30,41,48,50,32,36,29,35,7,19,35,33,44,27,3,5,18,9,24,24,52,54,25,2,9,25,27,4,11,56,58,55,40,55,27,7,30,34,37,47,22,56,33,17,59,30,38,16,26,18,26,14,42,34,20,13,0,58,46,31,57,14,39,16,32,29,40,16,57,23,4,29,57,29,31,40,25,27,18,26,40,56,38,27,56,34,33,57,14,30,19,20,52,35,20,19,17,9,37,32,48,55,13,23,56,15,54,59,30,57,53,56,22,26,47,19,33,47,27,28,54,13,36,25,55,38,50,55,52,25,44,21,15,29,25,19,58,17,35,55,18,22,20,44,52,21,39,11,37,30
PE5,52,40,35,23,64,28,42,49,44,41,43,44,41,29,27,65,39,35,39,14,38,61,63,57,46,34,55,55,18,37,60,66,39,35,54,51,20,3,6,36,3,33,51,42,41,40,50,65,20,29,41,23,42,39,74,42,52,53,44,16,43,63,71,58,0,39,42,21,65,42,50,43,47,18,59,21,49,62,43,21,31,27,32,43,45,57,32,37,5,38,37,12,42,39,1,48,40,39,52,52,34,63,62,62,67,25,40,7,11,49,41,20,47,18,2,36,21,9,12,65,49,11,62,21,50,45,38,10,66,40,39,11,30,47,49,45,43,47,43,64,41,47,62,22,45,37,19,76,80,78,37,52,54,23,64,37,45
DT28,41,15,24,40,53,11,21,38,19,2,4,14,10,34,24,53,28,24,23,25,21,49,51,46,35,23,44,23,35,18,48,55,23,23,42,35,37,39,36,11,36,25,39,20,21,15,15,54,37,26,30,40,16,8,62,26,38,42,33,23,12,52,59,46,39,0,17,38,54,17,39,32,36,21,48,38,33,50,19,38,24,16,4,23,29,46,21,6,37,13,26,37,17,28,38,37,28,23,36,13,9,52,51,51,55,22,19,29,36,33,25,37,31,35,40,23,38,34,37,54,38,28,51,14,14,34,26,35,55,15,28,36,9,8,10,6,32,17,27,53,19,31,51,39,29,26,36,64,68,66,2,13,43,20,53,26,34
EW10,40,2,23,43,39,14,11,24,10,19,21,19,19,21,18,38,16,19,13,28,4,34,36,32,22,25,30,21,38,15,33,40,6,14,27,20,40,42,39,10,39,8,24,13,11,6,16,40,40,16,22,43,17,17,47,19,31,28,25,26,21,38,44,31,42,17,0,41,40,8,29,31,22,24,47,41,26,35,2,41,10,19,10,10,12,45,24,15,40,12,12,40,11,15,41,27,11,12,29,21,4,38,37,37,40,20,9,32,39,18,8,40,16,38,43,9,41,37,40,40,37,31,37,17,16,20,9,38,41,13,14,39,12,19,24,23,18,13,10,39,14,24,37,42,14,17,39,49,53,51,15,21,42,22,42,25,33
SE4,51,39,34,1,63,27,41,48,43,40,42,43,40,28,26,64,38,34,38,13,37,60,62,56,45,33,54,54,11,36,59,65,38,34,53,50,4,21,18,35,18,32,50,41,40,39,49,64,13,28,40,16,41,38,73,41,51,52,43,15,42,62,70,57,21,38,41,0,64,41,49,42,46,17,58,14,48,61,42,14,30,26,31,42,44,56,31,36,19,37,36,19,41,38,20,47,39,38,51,51,33,62,61,61,66,24,39,11,18,48,40,1,46,11,22,35,3,16,19,64,48,7,61,20,49,44,37,17,65,39,38,18,29,46,48,44,42,46,42,63,40,46,61,15,44,36,12,75,79,77,36,51,53,22,63,36,44
BP3,19,42,36,66,7,45,37,16,50,56,58,45,49,38,38,21,24,38,39,51,33,11,9,4,23,33,10,61,61,39,16,2,38,38,18,25,63,65,62,43,62,36,21,39,37,46,56,8,63,36,30,66,43,51,30,40,32,12,28,49,47,6,27,14,65,54,40,64,0,48,30,28,18,47,12,64,37,18,38,64,30,40,47,39,41,14,35,52,63,41,28,63,37,34,64,28,34,33,34,61,44,6,5,3,23,40,35,55,62,27,37,63,29,61,66,31,64,60,63,8,22,54,5,42,56,20,36,61,1,39,26,62,47,59,64,60,22,53,35,1,40,39,5,65,31,36,62,32,36,34,52,61,17,42,7,34,26
EW6,44,6,27,43,47,14,19,32,2,19,18,23,19,21,26,46,24,27,21,28,12,42,44,40,30,26,38,13,38,23,41,48,14,22,35,28,40,42,39,10,39,16,32,21,19,2,8,48,40,24,30,43,25,17,55,27,39,36,33,26,21,46,52,39,42,17,8,41,48,0,37,35,30,24,51,41,34,43,10,41,18,19,10,18,20,49,24,15,40,12,20,40,16,23,41,35,19,20,37,13,4,46,45,45,48,25,17,32,39,26,16,40,24,38,43,17,41,37,40,48,41,31,45,17,8,28,17,38,49,14,22,39,12,11,16,16,26,5,18,47,22,32,45,42,22,25,39,57,61,59,15,13,46,23,50,29,37
CC24,39,31,27,51,37,28,26,23,39,41,43,26,30,21,29,23,11,27,29,36,24,19,21,31,4,16,29,50,46,19,18,25,23,21,12,9,48,50,47,34,47,23,9,24,28,35,45,38,48,27,9,51,24,32,32,11,2,27,6,34,28,36,29,16,50,39,29,49,30,37,0,35,21,32,32,49,7,20,27,49,21,23,32,23,25,34,18,34,48,32,19,48,28,25,49,2,25,17,4,50,33,36,35,33,25,31,26,40,47,11,21,48,13,46,51,22,49,45,48,38,41,39,35,25,45,19,26,46,29,30,17,47,30,47,49,45,17,42,19,31,23,9,35,50,15,27,47,34,38,36,37,50,37,31,27,29,37
NS14,9,33,8,44,35,21,31,34,37,34,36,38,34,10,28,39,24,12,29,29,27,29,27,32,31,19,38,48,39,31,34,23,25,29,36,36,41,43,40,29,40,23,36,33,31,33,43,36,41,30,26,44,36,32,48,36,37,38,29,27,36,34,45,32,43,32,31,42,28,35,35,0,32,25,16,42,42,36,29,42,24,16,25,29,31,14,17,30,41,31,18,41,31,16,42,33,20,31,39,45,27,34,33,31,41,26,29,33,40,37,27,41,35,39,44,25,42,38,41,36,6,32,33,18,43,30,22,39,27,33,24,40,23,40,42,38,28,40,29,29,34,41,33,43,33,14,40,50,54,52,30,45,11,24,21,6,2
DT6,37,24,24,48,17,27,19,2,32,38,40,27,31,20,20,36,6,20,21,33,15,29,27,10,17,15,8,43,43,22,31,20,20,20,25,22,45,47,44,25,44,18,22,21,19,28,38,18,45,18,12,48,25,33,45,27,23,6,15,31,29,16,42,29,47,36,22,46,18,30,21,32,0,29,30,46,28,33,20,46,12,22,29,21,26,32,17,34,45,23,10,45,19,16,46,19,16,24,25,43,26,16,15,15,38,22,17,37,44,24,22,45,26,43,48,13,46,42,45,18,38,36,15,24,38,2,18,43,19,21,8,44,29,41,46,42,4,35,24,17,22,30,15,47,28,18,44,47,51,49,34,43,35,24,25,26,34
NE13,34,22,17,19,46,10,24,31,26,23,25,26,23,11,9,47,21,17,21,4,20,43,45,39,28,16,37,37,14,19,42,48,21,17,36,33,16,18,15,18,15,15,33,24,23,22,32,47,16,11,23,19,24,21,56,24,34,35,26,2,25,45,53,40,18,21,24,17,47,24,32,25,29,0,41,17,31,44,25,17,13,9,14,25,27,39,14,19,16,20,19,16,24,21,17,30,22,21,34,34,16,45,44,44,49,7,22,8,15,31,23,16,29,14,19,18,17,13,16,47,31,7,44,3,32,27,20,14,48,22,21,15,12,29,31,27,25,29,25,46,23,29,44,18,27,19,15,58,62,60,19,34,36,5,46,19,27
NS7,7,49,24,60,19,37,47,28,53,50,52,48,50,26,44,23,35,28,45,45,43,13,11,16,25,35,22,64,55,41,18,7,41,43,20,27,57,59,56,45,56,39,23,46,47,49,59,20,57,46,33,60,46,48,32,42,34,24,30,43,50,18,29,16,59,48,47,58,12,51,32,16,30,41,0,58,39,20,45,58,40,32,41,41,43,2,33,46,57,47,34,57,47,32,58,30,36,35,36,61,43,18,17,15,25,42,45,49,56,29,39,57,31,55,60,41,58,54,57,20,10,48,17,34,59,32,38,55,11,49,38,56,39,56,58,54,34,56,37,13,45,41,17,59,33,30,56,34,38,36,46,61,5,40,5,22,14
SW3,51,39,34,16,63,27,41,48,43,40,42,43,40,28,26,64,38,34,38,13,37,60,62,56,45,33,54,54,3,36,59,65,38,34,53,50,13,21,18,35,18,32,50,41,40,39,49,64,1,28,40,2,41,38,73,41,51,52,43,15,42,62,70,57,21,38,41,14,64,41,49,42,46,17,58,0,48,61,42,4,30,26,31,42,44,56,31,36,19,37,36,19,41,38,20,47,39,38,51,51,33,62,61,61,66,24,39,11,18,48,40,13,46,7,22,35,14,16,19,64,48,7,61,20,49,44,37,17,65,39,38,18,29,46,48,44,42,46,42,63,40,46,61,1,44,36,5,75,79,77,36,51,53,22,63,36,44
CC27,46,28,34,50,44,35,19,30,36,35,37,19,23,28,22,30,18,31,22,35,22,26,28,38,11,23,36,47,45,12,25,32,20,14,19,16,47,49,46,29,46,16,16,17,23,32,42,45,47,20,16,50,17,25,39,4,5,34,13,33,21,43,36,23,49,33,26,48,37,34,7,42,28,31,39,48,0,27,24,48,18,30,29,20,22,41,25,27,47,27,24,47,23,27,48,9,23,10,3,46,30,43,42,40,32,24,21,39,46,18,18,47,18,45,50,23,48,44,47,45,48,38,42,28,42,26,21,45,36,25,24,46,34,41,43,39,24,39,16,38,16,2,42,49,16,29,46,41,45,43,31,46,44,26,34,36,44
EW26,27,37,39,63,25,40,35,34,45,52,54,36,40,33,39,3,23,39,37,48,31,7,9,22,13,28,28,56,58,29,2,13,29,31,8,15,60,62,59,44,59,31,11,34,38,41,51,26,60,37,21,63,34,42,12,30,22,30,18,46,38,24,9,4,62,50,35,61,18,43,20,36,33,44,20,61,27,0,33,61,33,35,44,29,31,22,30,44,60,42,31,60,38,37,61,18,34,23,24,56,39,24,23,21,5,41,36,52,59,17,27,60,19,58,63,34,61,57,60,26,30,51,23,37,51,31,32,58,17,40,29,59,42,54,59,56,29,48,25,19,33,29,23,62,21,39,59,14,18,16,48,56,25,43,15,41,34
EW11,38,4,21,44,37,16,9,22,12,21,23,17,21,19,16,36,14,17,11,29,2,32,34,30,20,23,28,23,39,13,31,38,4,12,25,18,41,43,40,12,40,6,22,11,9,8,18,38,41,14,20,44,15,19,45,17,29,26,23,27,19,36,42,29,43,19,2,42,38,10,27,29,20,25,45,42,24,33,0,42,8,21,12,8,10,43,25,17,41,13,10,41,9,13,42,25,9,10,27,23,6,36,35,35,38,18,7,33,40,16,6,41,14,39,44,7,42,38,41,38,35,32,35,19,18,18,7,39,39,11,12,40,14,21,26,25,16,15,8,37,12,22,35,43,12,15,40,47,51,49,17,23,40,20,40,23,31
SW6,51,39,34,16,63,27,41,48,43,40,42,43,40,28,26,64,38,34,38,13,37,60,62,56,45,33,54,54,7,36,59,65,38,34,53,50,13,21,18,35,18,32,50,41,40,39,49,64,5,28,40,2,41,38,73,41,51,52,43,15,42,62,70,57,21,38,41,14,64,41,49,42,46,17,58,4,48,61,42,0,30,26,31,42,44,56,31,36,19,37,36,19,41,38,20,47,39,38,51,51,33,62,61,61,66,24,39,11,18,48,40,13,46,3,22,35,14,16,19,64,48,7,61,20,49,44,37,17,65,39,38,18,29,46,48,44,42,46,42,63,40,46,61,3,44,36,1,75,79,77,36,51,53,22,63,36,44
NE7/DT12,33,12,16,32,29,17,7,14,20,26,28,13,17,14,4,36,6,12,8,17,3,32,34,22,17,15,20,31,27,6,31,32,8,4,25,20,29,31,28,13,28,2,22,9,7,16,26,30,29,2,12,32,11,19,45,11,23,18,15,15,15,28,42,29,31,24,10,30,30,18,21,24,12,13,40,30,18,33,8,30,0,16,17,9,14,38,17,21,29,11,2,29,7,8,30,19,8,8,21,31,14,28,27,27,38,6,5,21,28,18,10,29,16,27,32,1,30,26,29,30,30,20,27,10,26,10,7,27,31,9,4,28,19,29,34,30,8,23,12,29,10,16,27,31,14,10,28,47,51,49,22,31,35,8,37,18,26
CC14,25,17,8,28,39,5,23,24,21,18,20,22,18,2,12,38,12,8,24,13,23,34,36,32,19,7,30,32,23,22,33,39,21,20,27,24,25,27,24,13,24,18,24,25,23,17,27,40,25,14,14,28,24,16,47,27,25,28,17,11,20,38,44,31,27,16,19,26,40,19,23,16,22,9,32,26,30,35,21,26,16,0,9,25,27,30,5,14,25,15,14,25,19,12,26,21,16,24,27,29,11,38,37,37,40,10,21,17,24,26,23,25,28,23,28,21,26,22,25,40,22,16,37,2,27,20,18,23,41,17,18,24,7,24,26,22,18,24,25,39,26,32,37,27,29,10,24,49,53,51,14,29,27,8,37,10,18
CC10/DT26,34,8,17,33,46,4,14,31,12,6,8,10,6,11,17,47,21,17,16,18,14,43,45,39,28,16,37,23,28,14,42,48,16,19,36,30,30,32,29,4,29,18,33,16,14,8,18,47,30,19,23,33,12,4,56,22,34,35,26,16,8,45,53,40,32,4,10,31,47,10,32,25,29,14,41,31,29,44,12,31,17,9,0,16,22,39,14,2,30,6,19,30,10,21,31,30,21,19,32,17,2,45,44,44,49,15,12,22,29,28,18,30,26,28,33,16,31,27,30,47,31,21,44,7,18,27,19,28,48,8,21,29,2,12,14,10,25,15,20,46,15,27,44,32,24,19,29,58,62,60,2,17,36,13,46,19,27
NS27/CE2,38,12,21,44,38,20,2,23,20,25,27,10,14,19,16,32,15,17,8,29,6,28,30,31,16,24,29,31,39,6,27,34,4,11,21,14,41,43,40,12,40,6,18,4,6,16,26,39,41,14,21,44,8,16,41,13,25,27,21,27,12,37,38,25,43,23,10,42,39,18,23,29,21,25,41,42,20,29,8,42,9,25,16,0,2,43,26,18,41,10,11,41,6,13,42,21,9,6,23,31,14,37,36,36,34,18,4,33,40,12,2,41,10,39,44,8,42,38,41,39,35,32,36,22,26,19,7,39,38,8,13,40,18,29,33,29,17,23,4,38,5,18,36,43,8,15,40,43,47,45,21,31,40,20,36,23,31
NS28,40,14,23,46,43,26,8,28,22,31,33,16,20,21,18,34,20,19,14,31,8,30,32,36,18,29,34,33,41,12,29,36,6,14,23,16,43,45,42,18,42,8,20,10,12,18,28,44,43,16,26,46,14,22,43,15,27,32,23,29,18,42,40,27,45,29,12,44,41,20,25,31,26,27,43,44,22,31,10,44,14,27,22,2,0,45,28,24,43,16,13,43,12,15,44,23,11,8,25,33,16,42,41,41,36,20,10,35,42,14,4,43,12,41,46,13,44,40,43,44,37,34,41,24,28,24,9,41,40,14,18,42,24,31,36,35,22,25,6,42,11,20,41,45,10,17,42,45,49,47,27,33,42,22,38,25,33
NS8,5,47,22,58,21,35,45,30,51,48,50,50,48,24,42,25,37,26,43,43,41,15,13,18,27,33,24,62,53,43,20,9,39,43,22,29,55,57,54,43,54,37,25,47,45,47,57,22,55,44,35,58,48,46,34,44,36,26,32,41,50,20,31,18,57,46,45,56,14,49,34,14,32,39,2,56,41,22,43,56,38,30,39,43,45,0,31,44,55,45,32,55,45,30,56,32,34,37,38,59,41,20,19,17,27,40,43,47,54,31,41,55,33,53,58,39,56,52,55,22,8,46,19,32,57,34,36,53,13,47,38,54,37,54,56,52,36,54,39,15,47,43,19,57,35,28,54,36,40,38,44,59,3,38,7,20,12
CC16,26,22,9,33,34,10,24,19,26,23,25,27,23,3,17,33,7,9,26,18,20,29,31,27,14,2,25,37,28,27,28,35,22,25,22,19,30,32,29,18,29,20,19,26,24,22,32,35,30,19,9,33,29,21,42,29,20,23,12,16,25,33,39,26,32,21,24,31,35,24,18,17,17,14,33,31,25,30,25,31,17,5,14,26,28,31,0,19,30,20,15,30,24,13,31,16,17,27,22,34,16,33,32,32,35,15,22,22,29,21,24,30,23,28,33,18,31,27,30,35,23,21,32,7,32,15,19,28,36,22,13,29,12,29,31,27,13,29,26,34,27,27,32,32,25,11,29,44,48,46,19,34,28,13,37,11,19
DT25,39,13,22,38,51,9,16,36,17,8,10,8,4,16,22,47,26,22,21,23,19,43,45,44,31,21,42,28,33,12,42,49,21,17,36,29,35,37,34,9,34,19,33,14,19,13,21,52,35,23,28,38,10,2,56,20,32,40,31,21,6,50,53,40,37,6,15,36,52,15,34,30,34,19,46,36,27,44,17,36,21,14,2,18,24,44,19,0,35,11,24,35,15,26,36,35,26,17,30,19,7,50,49,49,49,20,17,27,34,27,23,35,25,33,38,21,36,32,35,52,36,26,49,12,20,32,24,33,53,13,26,34,7,14,16,12,30,20,23,51,13,25,49,37,23,24,34,58,62,60,4,19,41,18,51,24,32
PE2,50,38,33,21,62,26,40,47,42,39,41,42,39,27,25,63,37,33,37,12,36,59,61,55,44,32,53,53,16,35,58,64,37,33,52,49,18,2,1,34,8,31,49,40,39,38,48,63,18,27,39,21,40,37,72,40,50,51,42,14,41,61,69,56,5,37,40,19,63,40,48,41,45,16,57,19,47,60,41,19,29,25,30,41,43,55,30,35,0,36,35,10,40,37,6,46,38,37,50,50,32,61,60,60,65,23,38,5,9,47,39,18,45,16,3,34,19,7,10,63,47,9,60,19,48,43,36,8,64,38,37,9,28,45,47,43,41,45,41,62,39,45,60,20,43,35,17,74,78,76,35,50,52,21,62,35,43
CC7,40,10,23,39,40,10,8,25,14,15,17,16,15,17,19,45,17,23,10,24,8,41,43,33,28,22,31,25,34,12,40,43,13,17,34,27,36,38,35,2,35,12,31,10,8,10,20,41,36,17,23,39,14,13,54,20,32,29,26,22,17,39,51,38,38,13,12,37,41,12,32,31,23,20,47,37,27,42,13,37,11,15,6,10,16,45,20,11,36,0,13,36,4,19,37,30,18,17,30,25,4,39,38,38,47,21,6,28,35,25,15,36,23,34,39,10,37,33,36,41,37,27,38,13,20,21,16,34,42,2,15,35,8,21,23,19,19,17,17,40,11,25,38,38,21,21,35,56,60,58,11,25,42,19,48,25,33
NS21/DT11,27,14,10,38,27,19,9,12,22,28,30,17,21,8,10,34,4,6,11,23,5,30,32,20,15,13,18,33,33,12,29,30,7,10,23,20,35,37,34,15,34,5,20,11,9,18,28,28,35,8,10,38,15,23,43,17,21,16,13,21,19,26,40,27,37,26,12,36,28,20,19,18,10,19,34,36,24,31,10,36,2,14,19,11,13,32,15,24,35,13,0,35,9,2,36,17,2,13,23,33,16,26,25,25,36,12,7,27,34,19,9,35,17,33,38,3,36,32,35,28,24,26,25,16,28,8,4,33,29,11,2,34,21,31,36,32,6,25,11,27,12,22,25,37,15,4,34,45,49,47,24,33,29,14,35,12,20
PW5,50,38,33,21,62,26,40,47,42,39,41,42,39,27,25,63,37,33,37,12,36,59,61,55,44,32,53,53,16,35,58,64,37,33,52,49,18,12,9,34,9,31,49,40,39,38,48,63,18,27,39,21,40,37,72,40,50,51,42,14,41,61,69,56,12,37,40,19,63,40,48,41,45,16,57,19,47,60,41,19,29,25,30,41,43,55,30,35,10,36,35,0,40,37,11,46,38,37,50,50,32,61,60,60,65,23,38,5,2,47,39,18,45,16,13,34,19,4,1,63,47,9,60,19,48,43,36,2,64,38,37,1,28,45,47,43,41,45,41,62,39,45,60,20,43,35,17,74,78,76,35,50,52,21,62,35,43
CC5,40,13,23,43,36,14,4,21,18,19,21,12,16,21,15,41,13,19,6,28,4,37,39,29,24,22,27,29,38,8,36,39,9,13,30,23,40,42,39,6,39,8,27,6,4,14,24,37,40,13,19,43,10,17,50,16,28,25,22,26,14,35,47,34,42,17,11,41,37,16,28,31,19,24,47,41,23,38,9,41,7,19,10,6,12,45,24,15,40,4,9,40,0,15,41,26,14,13,26,29,8,35,34,34,43,17,2,32,39,21,11,40,19,38,43,6,41,37,40,37,37,31,34,17,24,17,12,38,38,2,11,39,12,25,27,23,15,21,13,36,7,21,34,42,17,17,39,52,56,54,15,29,42,19,44,25,33
NS20,25,17,8,40,33,17,15,18,25,30,32,22,26,6,16,40,10,4,13,25,11,36,38,26,21,15,24,36,35,15,35,36,9,13,29,23,37,39,36,21,36,7,26,17,15,21,31,34,37,14,16,40,20,28,49,20,27,22,19,23,24,32,46,33,39,28,15,38,34,23,25,16,16,21,32,38,27,37,13,38,8,12,21,13,15,30,13,26,37,19,2,37,15,0,38,23,4,15,29,36,19,32,31,31,42,18,13,29,36,21,11,37,19,35,40,9,38,34,37,34,22,28,31,14,31,14,6,35,35,17,8,36,19,34,38,34,12,28,13,33,18,25,31,39,17,2,36,51,55,53,26,36,27,20,37,10,18
PE6,51,39,34,22,63,27,41,48,43,40,42,43,40,28,26,64,38,34,38,13,37,60,62,56,45,33,54,54,17,36,59,65,38,34,53,50,19,4,7,35,2,32,50,41,40,39,49,64,19,28,40,22,41,38,73,41,51,52,43,15,42,62,70,57,1,38,41,20,64,41,49,42,46,17,58,20,48,61,42,20,30,26,31,42,44,56,31,36,6,37,36,11,41,38,0,47,39,38,51,51,33,62,61,61,66,24,39,6,10,48,40,19,46,17,3,35,20,8,11,64,48,10,61,20,49,44,37,9,65,39,38,10,29,46,48,44,42,46,42,63,40,46,61,21,44,36,18,75,79,77,36,51,53,22,63,36,44
CC23,37,29,25,49,35,26,26,21,37,39,41,28,32,19,27,21,9,25,28,34,22,17,19,29,2,14,27,48,44,21,16,23,21,23,10,7,46,48,45,32,45,23,7,26,26,33,43,36,46,25,7,49,26,34,30,13,4,25,4,32,30,34,27,14,48,37,27,47,28,35,2,33,19,30,30,47,9,18,25,47,19,21,30,21,23,32,16,35,46,30,17,46,26,23,47,0,23,15,6,48,31,34,33,31,23,29,24,38,45,9,19,46,11,44,49,20,47,43,46,36,39,37,33,23,43,17,24,44,27,28,15,45,28,45,47,43,15,40,17,29,25,11,33,48,13,25,45,32,36,34,35,48,35,29,25,27,35
NS22,29,13,12,41,33,21,14,18,21,30,32,18,22,10,13,37,10,8,9,26,7,33,35,26,21,19,24,32,36,11,32,36,5,9,26,19,38,40,37,20,37,3,23,16,11,17,27,34,38,11,16,41,16,24,46,16,27,22,19,24,20,32,43,30,40,28,11,39,34,19,25,20,16,22,36,39,23,34,9,39,8,16,21,9,11,34,17,26,38,18,2,38,14,4,39,23,0,11,26,32,15,32,31,31,39,15,12,30,37,17,7,38,15,36,41,9,39,35,38,34,26,29,31,18,27,14,2,36,35,16,8,37,23,30,35,34,12,24,9,33,15,21,31,40,13,6,37,48,52,50,26,32,31,17,41,14,22
EW16/NE3,40,14,23,40,40,25,9,26,22,25,27,9,13,21,12,26,18,19,12,25,8,22,24,34,10,25,32,33,35,2,21,28,6,4,15,8,37,39,36,19,36,6,12,7,13,18,28,41,37,10,18,40,7,15,35,3,15,30,15,23,11,39,32,19,39,23,12,38,33,20,17,31,24,21,35,38,10,23,10,38,8,24,19,6,8,37,27,17,37,17,13,37,13,15,38,15,11,0,13,33,16,39,38,36,28,14,11,29,36,6,4,37,4,35,40,13,38,34,37,41,37,28,38,18,28,22,9,35,32,15,16,36,24,31,33,29,20,25,2,34,6,8,38,39,2,17,36,37,41,39,21,33,40,16,30,25,33
CC26,43,31,31,53,41,32,22,27,39,38,40,22,26,25,25,27,15,31,25,38,25,23,25,35,8,20,33,50,48,15,22,29,23,17,16,13,50,52,49,32,49,19,13,20,26,35,45,42,50,23,13,53,20,28,36,7,2,31,10,36,24,40,33,20,52,36,29,51,34,37,4,39,25,34,36,51,3,24,27,51,21,27,32,23,25,38,22,30,50,30,23,50,26,29,51,6,26,13,0,49,33,40,39,37,29,27,24,42,49,15,21,50,17,48,53,26,51,47,50,42,45,41,39,29,45,23,24,48,33,28,21,49,34,44,46,42,21,42,19,35,19,5,39,52,19,31,49,38,42,40,34,49,41,29,31,33,41
EW1,54,19,37,53,60,24,32,45,11,11,9,27,23,31,37,59,37,37,34,38,25,55,57,53,43,36,51,16,48,31,54,61,27,35,48,41,50,52,49,23,49,29,45,33,32,15,11,61,50,37,43,53,29,21,68,39,51,49,46,36,25,59,65,52,52,13,21,51,61,13,50,45,43,34,61,51,46,56,23,51,31,29,17,31,33,59,34,19,50,25,33,50,29,36,51,48,32,33,49,0,17,59,58,58,61,35,30,42,49,39,29,50,37,48,53,30,51,47,50,61,51,41,58,27,5,41,30,48,62,27,35,49,22,2,7,7,39,8,31,60,32,44,58,52,35,38,49,70,74,72,15,10,56,33,63,39,47
EW8/CC9,36,2,19,35,43,6,12,28,6,11,13,15,11,13,19,42,20,19,14,20,8,38,40,36,26,18,34,17,30,16,37,44,10,18,31,24,32,34,31,2,31,12,28,14,12,2,12,44,32,20,25,35,17,9,51,23,35,32,28,18,13,42,48,35,34,9,4,33,44,4,33,27,26,16,43,33,30,39,6,33,14,11,2,14,16,41,16,7,32,4,16,32,8,19,33,31,15,16,33,17,0,42,41,41,44,17,10,24,31,22,12,32,20,30,35,13,33,29,32,44,33,23,41,9,12,24,13,30,45,6,18,31,4,15,19,15,22,9,14,43,15,28,41,34,18,21,31,53,57,55,7,17,38,15,46,21,29
BP8,25,40,40,64,1,43,35,14,48,54,56,43,47,36,36,27,22,36,37,49,31,17,15,2,29,31,8,59,59,38,22,8,36,36,24,31,61,63,60,41,60,34,27,37,35,44,54,2,61,34,28,64,41,49,36,43,38,10,31,47,45,4,33,20,63,52,38,62,6,46,36,34,16,45,18,62,43,24,36,62,28,38,45,37,42,20,33,50,61,39,26,61,35,32,62,34,32,39,40,59,42,0,1,3,29,38,33,53,60,33,38,61,35,59,64,29,62,58,61,3,28,52,5,40,54,18,34,59,7,37,24,60,45,57,62,58,20,51,40,5,38,45,3,63,37,34,60,38,42,40,50,59,23,40,13,40,32
BP7,24,39,39,63,2,42,34,13,47,53,55,42,46,35,35,26,21,35,36,48,30,16,14,1,28,30,7,58,58,37,21,7,35,35,23,30,60,62,59,40,59,33,26,36,34,43,53,3,60,33,27,63,40,48,35,42,37,9,30,46,44,5,32,19,62,51,37,61,5,45,35,33,15,44,17,61,42,23,35,61,27,37,44,36,41,19,32,49,60,38,25,60,34,31,61,33,31,38,39,58,41,1,0,2,28,37,32,52,59,32,37,60,34,58,63,28,61,57,60,4,27,51,6,39,53,17,33,58,6,36,23,59,44,56,61,57,19,50,39,4,37,44,2,62,36,33,59,37,41,39,49,58,22,39,12,39,31
BP5,22,39,39,63,4,42,34,13,47,53,55,42,46,35,35,24,21,35,36,48,30,14,12,1,26,30,7,58,58,37,19,5,35,35,21,28,60,62,59,40,59,33,24,36,34,43,53,5,60,33,27,63,40,48,33,42,35,9,30,46,44,3,30,17,62,51,37,61,3,45,33,31,15,44,15,61,40,21,35,61,27,37,44,36,41,17,32,49,60,38,25,60,34,31,61,31,31,36,37,58,41,3,2,0,26,37,32,52,59,30,37,60,32,58,63,28,61,57,60,5,25,51,2,39,53,17,33,58,4,36,23,59,44,56,61,57,19,50,38,2,37,42,2,62,34,33,59,35,39,37,49,58,20,39,10,37,29
EW28,32,42,44,68,30,45,40,39,50,57,59,41,45,38,44,2,28,44,42,53,36,12,14,27,18,33,33,61,63,34,7,18,34,36,13,20,65,67,64,49,64,36,16,39,43,46,56,31,65,42,26,68,39,47,7,35,27,35,23,51,43,29,4,9,67,55,40,66,23,48,25,41,38,49,25,66,32,5,38,66,38,40,49,34,36,27,35,49,65,47,36,65,43,42,66,23,39,28,29,61,44,29,28,26,0,46,41,57,64,22,32,65,24,63,68,39,66,62,65,31,35,56,28,42,56,36,37,63,22,45,34,64,47,59,64,61,34,53,30,24,38,34,28,67,26,44,64,9,13,11,53,61,30,48,20,46,39
NE10,35,22,18,26,39,11,17,24,27,24,26,19,23,12,2,44,16,18,14,11,13,40,42,32,27,17,30,38,21,12,39,42,14,10,33,26,23,25,22,19,22,8,30,17,16,23,33,40,23,4,22,26,17,22,53,17,29,28,25,9,21,38,50,37,25,22,20,24,40,25,31,26,22,7,42,24,24,41,18,24,6,10,15,18,20,40,15,20,23,21,12,23,17,18,24,29,15,14,27,35,17,38,37,37,46,0,15,15,22,24,16,23,22,21,26,11,24,20,23,40,32,14,37,4,33,20,13,21,41,19,14,22,13,30,32,28,18,30,18,39,16,22,37,25,20,20,22,55,59,57,20,35,37,2,47,20,28
CC4/DT15,38,11,21,41,34,16,2,19,19,21,23,10,14,19,13,39,11,17,4,26,2,35,37,27,22,20,25,30,36,6,34,37,7,11,28,21,38,40,37,8,37,6,25,4,2,15,25,35,38,11,17,41,8,16,48,14,26,23,20,24,12,33,45,32,40,19,9,39,35,17,26,29,17,22,45,39,21,36,7,39,5,21,12,4,10,43,22,17,38,6,7,38,2,13,39,24,12,11,24,30,10,33,32,32,41,15,0,30,37,19,9,38,17,36,41,4,39,35,38,35,35,29,32,19,25,15,10,36,36,4,9,37,14,27,29,25,13,22,11,34,5,19,32,40,15,15,37,50,54,52,17,30,40,17,42,23,31
NE17/PTC,42,30,25,13,54,18,32,39,34,31,33,34,31,19,17,55,29,25,29,4,28,51,53,47,36,24,45,45,8,27,50,56,29,25,44,41,10,7,4,26,4,23,41,32,31,30,40,55,10,19,31,13,32,29,64,32,42,43,34,6,33,53,61,48,7,29,32,11,55,32,40,33,37,8,49,11,39,52,33,11,21,17,22,33,35,47,22,27,5,28,27,5,32,29,6,38,30,29,42,42,24,53,52,52,57,15,30,0,4,39,31,10,37,8,8,26,11,2,5,55,39,1,52,11,40,35,28,3,56,30,29,4,20,37,39,35,33,37,33,54,31,37,52,12,35,27,9,66,70,68,27,42,44,13,54,27,35
PW3,49,37,32,20,61,25,39,46,41,38,40,41,38,26,24,62,36,32,36,11,35,58,60,54,43,31,52,52,15,34,57,63,36,32,51,48,17,11,8,33,8,30,48,39,38,37,47,62,17,26,38,20,39,36,71,39,49,50,41,13,40,60,68,55,11,36,39,18,62,39,47,40,44,15,56,18,46,59,40,18,28,24,29,40,42,54,29,34,9,35,34,2,39,36,10,45,37,36,49,49,31,60,59,59,64,22,37,4,0,46,38,17,44,15,12,33,18,2,1,62,46,8,59,18,47,42,35,4,63,37,36,3,27,44,46,42,40,44,40,61,38,44,59,19,42,34,16,73,77,75,34,49,51,20,61,34,42
EW19,36,20,29,50,34,31,18,26,28,35,37,19,23,24,22,20,14,25,20,35,14,16,18,31,4,19,32,39,45,12,15,22,12,14,9,2,47,49,46,27,46,14,6,17,21,24,34,35,47,20,12,50,17,25,29,13,13,30,9,33,21,33,26,13,49,33,18,48,27,26,11,37,24,31,29,48,18,17,16,48,18,26,28,12,14,31,21,27,47,25,19,47,21,21,48,9,17,6,15,39,22,33,32,30,22,24,19,39,46,0,10,47,2,45,50,19,48,44,47,35,39,38,32,28,34,22,15,45,26,23,20,46,30,37,42,39,20,31,8,28,16,18,32,49,4,23,46,31,35,33,31,39,34,26,24,31,39
NS26/EW14,36,10,19,42,39,22,8,24,18,27,29,16,20,17,14,30,16,15,10,27,4,26,28,32,14,25,30,29,37,10,25,32,2,10,19,12,39,41,38,17,38,4,16,10,11,14,24,40,39,12,22,42,14,22,39,11,23,28,19,25,18,38,36,23,41,25,8,40,37,16,21,27,22,23,39,40,18,27,6,40,10,23,18,2,4,41,24,23,39,15,9,39,11,11,40,19,7,4,21,29,12,38,37,37,32,16,9,31,38,10,0,39,8,37,42,9,40,36,39,40,33,30,37,20,24,20,5,37,36,13,14,38,20,27,32,31,18,21,2,38,11,16,37,41,6,13,38,41,45,43,23,29,38,18,34,21,29
SE5,50,38,33,3,62,26,40,47,42,39,41,42,39,27,25,63,37,33,37,12,36,59,61,55,44,32,53,53,10,35,58,64,37,33,52,49,6,20,17,34,17,31,49,40,39,38,48,63,12,27,39,15,40,37,72,40,50,51,42,14,41,61,69,56,20,37,40,1,63,40,48,41,45,16,57,13,47,60,41,13,29,25,30,41,43,55,30,35,18,36,35,18,40,37,19,46,38,37,50,50,32,61,60,60,65,23,38,10,17,47,39,0,45,10,21,34,4,15,18,63,47,6,60,19,48,43,36,16,64,38,37,17,28,45,47,43,41,45,41,62,39,45,60,14,43,35,11,74,78,76,35,50,52,21,62,35,43
EW18,38,18,27,48,36,30,16,28,26,33,35,17,21,25,20,22,16,23,18,33,12,18,20,33,6,21,34,37,43,10,17,24,10,12,11,4,45,47,44,25,44,12,8,15,19,22,32,37,45,18,14,48,15,23,31,11,15,32,11,31,19,35,28,15,47,31,16,46,29,24,13,35,26,29,31,46,18,19,14,46,16,28,26,10,12,33,23,25,45,23,17,45,19,19,46,11,15,4,17,37,20,35,34,32,24,22,17,37,44,2,8,45,0,43,48,17,46,42,45,37,41,36,34,26,32,24,13,43,28,21,22,44,28,35,40,37,22,29,6,30,14,16,34,47,2,21,44,33,37,35,29,37,36,24,26,29,37
SW8,48,36,31,13,60,24,38,45,40,37,39,40,37,25,23,61,35,31,35,10,34,57,59,53,42,30,51,51,10,33,56,62,35,31,50,47,10,18,15,32,15,29,47,38,37,36,46,61,8,25,37,5,38,35,70,38,48,49,40,12,39,59,67,54,18,35,38,11,61,38,46,39,43,14,55,7,45,58,39,3,27,23,28,39,41,53,28,33,16,34,33,16,38,35,17,44,36,35,48,48,30,59,58,58,63,21,36,8,15,45,37,10,43,0,19,32,11,13,16,61,45,4,58,17,46,41,34,14,62,36,35,15,26,43,45,41,39,43,39,60,37,43,58,6,41,33,1,72,76,74,33,48,50,19,60,33,41
PE4,53,41,36,24,65,29,43,50,45,42,44,45,42,30,28,66,40,36,40,15,39,62,64,58,47,35,56,56,19,38,61,67,40,36,55,52,21,1,4,37,5,34,52,43,42,41,51,66,21,30,42,24,43,40,75,43,53,54,45,17,44,64,72,59,2,40,43,22,66,43,51,44,48,19,60,22,50,63,44,22,32,28,33,44,46,58,33,38,3,39,38,13,43,40,3,49,41,40,53,53,35,64,63,63,68,26,41,8,12,50,42,21,48,19,0,37,22,10,13,66,50,12,63,22,51,46,39,11,67,41,40,12,31,48,50,46,44,48,44,65,42,48,63,23,46,38,20,77,81,79,38,53,55,24,65,38,46
DT13,34,11,17,37,30,20,6,15,19,25,27,14,18,15,9,37,7,13,8,22,2,33,35,23,18,16,21,30,32,10,32,33,7,9,26,21,34,36,33,12,33,7,23,8,6,15,25,31,34,7,13,37,12,20,46,16,24,19,16,20,16,29,43,30,36,23,9,35,31,17,22,25,13,18,41,35,23,34,7,35,1,21,16,8,13,39,18,21,34,10,3,34,6,9,35,20,9,13,26,30,13,29,28,28,39,11,4,26,33,19,9,34,17,32,37,0,35,31,34,31,31,25,28,15,25,11,10,32,32,8,5,33,18,28,33,29,9,22,11,30,9,21,28,36,15,11,33,48,52,50,21,30,36,13,38,19,27
SE2,51,39,34,1,63,27,41,48,43,40,42,43,40,28,26,64,38,34,38,13,37,60,62,56,45,33,54,54,11,36,59,65,38,34,53,50,1,21,18,35,18,32,50,41,40,39,49,64,13,28,40,16,41,38,73,41,51,52,43,15,42,62,70,57,21,38,41,3,64,41,49,42,46,17,58,14,48,61,42,14,30,26,31,42,44,56,31,36,19,37,36,19,41,38,20,47,39,38,51,51,33,62,61,61,66,24,39,11,18,48,40,4,46,11,22,35,0,16,19,64,48,7,61,20,49,44,37,17,65,39,38,18,29,46,48,44,42,46,42,63,40,46,61,15,44,36,12,75,79,77,36,51,53,22,63,36,44
PW1,47,35,30,18,59,23,37,44,39,36,38,39,36,24,22,60,34,30,34,9,33,56,58,52,41,29,50,50,13,32,55,61,34,30,49,46,15,9,6,31,6,28,46,37,36,35,45,60,15,24,36,18,37,34,69,37,47,48,39,11,38,58,66,53,9,34,37,16,60,37,45,38,42,13,54,16,44,57,38,16,26,22,27,38,40,52,27,32,7,33,32,4,37,34,8,43,35,34,47,47,29,58,57,57,62,20,35,2,2,44,36,15,42,13,10,31,16,0,3,60,44,6,57,16,45,40,33,6,61,35,34,5,25,42,44,40,38,42,38,59,36,42,57,17,40,32,14,71,75,73,32,47,49,18,59,32,40
PW4,50,38,33,21,62,26,40,47,42,39,41,42,39,27,25,63,37,33,37,12,36,59,61,55,44,32,53,53,16,35,58,64,37,33,52,49,18,12,9,34,9,31,49,40,39,38,48,63,18,27,39,21,40,37,72,40,50,51,42,14,41,61,69,56,12,37,40,19,63,40,48,41,45,16,57,19,47,60,41,19,29,25,30,41,43,55,30,35,10,36,35,1,40,37,11,46,38,37,50,50,32,61,60,60,65,23,38,5,1,47,39,18,45,16,13,34,19,3,0,63,47,9,60,19,48,43,36,3,64,38,37,2,28,45,47,43,41,45,41,62,39,45,60,20,43,35,17,74,78,76,35,50,52,21,62,35,43
BP11,27,42,42,66,2,45,37,16,50,56,58,45,49,38,38,29,24,38,39,51,33,19,17,4,31,33,10,61,61,40,24,10,38,38,26,33,63,65,62,43,62,36,29,39,37,46,56,1,63,36,30,66,43,51,38,45,40,12,33,49,47,1,35,22,65,54,40,64,8,48,38,36,18,47,20,64,45,26,38,64,30,40,47,39,44,22,35,52,63,41,28,63,37,34,64,36,34,41,42,61,44,3,4,5,31,40,35,55,62,35,40,63,37,61,66,31,64,60,63,0,30,54,2,42,56,20,36,61,9,39,26,62,47,59,64,60,22,53,42,7,40,47,5,65,39,36,62,40,44,42,52,61,25,42,15,42,34
NS11,3,39,14,50,29,27,37,38,43,40,42,44,40,16,34,33,30,18,35,35,33,23,21,26,35,25,32,54,45,37,28,17,31,35,30,37,47,49,46,35,46,29,33,39,37,39,49,30,47,36,32,50,42,38,42,42,43,34,35,33,42,28,39,26,49,38,37,48,22,41,41,6,38,31,10,48,48,30,35,48,30,22,31,35,37,8,23,36,47,37,24,47,37,22,48,39,26,37,45,51,33,28,27,25,35,32,35,39,46,39,33,47,41,45,50,31,48,44,47,30,0,38,27,24,49,36,28,45,21,39,30,46,29,46,48,44,34,46,35,23,40,47,27,49,39,20,46,44,48,46,36,51,5,30,15,12,4
NE16/STC,41,29,24,9,53,17,31,38,33,30,32,33,30,18,16,54,28,24,28,3,27,50,52,46,35,23,44,44,4,26,49,55,28,24,43,40,6,11,8,25,8,22,40,31,30,29,39,54,6,18,30,9,31,28,63,31,41,42,33,5,32,52,60,47,11,28,31,7,54,31,39,32,36,7,48,7,38,51,32,7,20,16,21,32,34,46,21,26,9,27,26,9,31,28,10,37,29,28,41,41,23,52,51,51,56,14,29,1,8,38,30,6,36,4,12,25,7,6,9,54,38,0,51,10,39,34,27,7,55,29,28,8,19,36,38,34,32,36,32,53,30,36,51,8,34,26,5,65,69,67,26,41,43,12,53,26,34
BP13,24,39,39,63,4,42,34,13,47,53,55,42,46,35,35,26,21,35,36,48,30,16,14,1,28,30,7,58,58,37,21,7,35,35,23,30,60,62,59,40,59,33,26,36,34,43,53,3,60,33,27,63,40,48,35,42,37,9,30,46,44,1,32,19,62,51,37,61,5,45,35,33,15,44,17,61,42,23,35,61,27,37,44,36,41,19,32,49,60,38,25,60,34,31,61,33,31,38,39,58,41,5,6,2,28,37,32,52,59,32,37,60,34,58,63,28,61,57,60,2,27,51,0,39,53,17,33,58,6,36,23,59,44,56,61,57,19,50,39,4,37,44,2,62,36,33,59,37,41,39,49,58,22,39,12,39,31
NE12/CC13,27,15,10,22,41,3,21,26,19,16,18,20,16,4,6,40,14,10,18,7,17,36,38,34,21,9,32,30,17,16,35,41,18,14,29,26,19,21,18,11,18,12,26,21,20,15,25,42,19,8,16,22,21,14,49,21,27,30,19,5,18,40,46,33,21,14,17,20,42,17,25,18,24,3,34,20,28,37,19,20,10,2,7,22,24,32,7,12,19,13,16,19,17,14,20,23,18,18,29,27,9,40,39,39,42,4,19,11,18,28,20,19,26,17,22,15,20,16,19,42,24,10,39,0,25,22,17,17,43,15,18,18,5,22,24,20,20,22,22,41,20,26,39,21,24,12,18,51,55,53,12,27,29,2,39,12,20
EW3,52,14,35,51,55,22,27,40,6,12,10,28,24,29,34,54,32,35,29,36,20,50,52,48,38,34,46,11,46,31,49,56,22,30,43,36,48,50,47,18,47,24,40,29,27,10,6,56,48,32,38,51,30,22,63,35,47,44,41,34,26,54,60,47,50,14,16,49,56,8,45,43,38,32,59,49,42,51,18,49,26,27,18,26,28,57,32,20,48,20,28,48,24,31,49,43,27,28,45,5,12,54,53,53,56,33,25,40,47,34,24,48,32,46,51,25,49,45,48,56,49,39,53,25,0,36,25,46,57,22,30,47,20,3,8,8,34,3,26,55,30,40,53,50,30,33,47,65,69,67,16,11,54,31,58,37,45
DT7,39,22,22,46,19,25,17,4,30,36,38,25,29,18,18,34,4,18,19,31,13,30,29,12,15,13,10,41,41,20,29,22,18,18,23,20,43,45,42,23,42,16,20,19,17,26,36,20,43,16,10,46,23,31,43,25,21,8,13,29,27,18,40,27,45,34,20,44,20,28,19,30,2,27,32,44,26,31,18,44,10,20,27,19,24,34,15,32,43,21,8,43,17,14,44,17,14,22,23,41,24,18,17,17,36,20,15,35,42,22,20,43,24,41,46,11,44,40,43,20,36,34,17,22,36,0,16,41,21,19,6,42,27,39,44,40,2,33,22,19,20,28,17,45,26,16,42,45,49,47,32,41,37,22,27,24,32
NS23,31,11,14,39,35,23,12,20,19,28,30,16,20,12,11,35,12,10,7,24,5,31,33,28,19,21,26,30,34,9,30,37,3,7,24,17,36,38,35,18,35,1,21,14,9,15,25,36,36,9,18,39,14,22,44,14,26,24,21,22,18,34,41,28,38,26,9,37,36,17,26,22,18,20,38,37,21,32,7,37,7,18,19,7,9,36,19,24,36,16,4,36,12,6,37,24,2,9,24,30,13,34,33,33,37,13,10,28,35,15,5,36,13,34,39,10,37,33,36,36,28,27,33,17,25,16,0,34,37,14,10,35,21,28,33,32,14,22,7,35,13,19,33,38,11,8,35,46,50,48,24,30,33,15,39,16,24
PW7,48,36,31,19,60,24,38,45,40,37,39,40,37,25,23,61,35,31,35,10,34,57,59,53,42,30,51,51,14,33,56,62,35,31,50,47,16,10,7,32,7,29,47,38,37,36,46,61,16,25,37,19,38,35,70,38,48,49,40,12,39,59,67,54,10,35,38,17,61,38,46,39,43,14,55,17,45,58,39,17,27,23,28,39,41,53,28,33,8,34,33,2,38,35,9,44,36,35,48,48,30,59,58,58,63,21,36,3,4,45,37,16,43,14,11,32,17,6,3,61,45,7,58,17,46,41,34,0,62,36,35,1,26,43,45,41,39,43,39,60,37,43,58,18,41,33,15,72,76,74,33,48,50,19,60,33,41
BP2,18,43,35,67,8,46,38,17,51,57,59,45,49,37,39,20,25,39,40,52,34,10,8,5,22,34,11,62,62,38,15,1,38,39,17,24,64,66,63,44,63,37,20,40,38,47,57,9,64,37,30,67,43,51,29,39,31,13,27,50,47,7,26,13,66,55,41,65,1,49,29,27,19,48,11,65,36,17,39,65,31,41,48,38,40,13,36,53,64,42,29,64,38,35,65,27,35,32,33,62,45,7,6,4,22,41,36,56,63,26,36,64,28,62,67,32,65,61,64,9,21,55,6,43,57,21,37,62,0,40,27,63,48,60,65,61,23,54,34,2,41,38,6,66,30,37,63,31,35,33,53,62,16,43,6,33,25
CC6,42,12,25,41,38,12,6,23,16,17,19,14,17,19,17,43,15,21,8,26,6,39,41,31,26,24,29,27,36,10,38,41,11,15,32,25,38,40,37,4,37,10,29,8,6,12,22,39,38,15,21,41,12,15,52,18,30,27,24,24,16,37,49,36,40,15,13,39,39,14,30,33,21,22,49,39,25,40,11,39,9,17,8,8,14,47,22,13,38,2,11,38,2,17,39,28,16,15,28,27,6,37,36,36,45,19,4,30,37,23,13,38,21,36,41,8,39,35,38,39,39,29,36,15,22,19,14,36,40,0,13,37,10,23,25,21,17,19,15,38,9,23,36,40,19,19,37,54,58,56,13,27,44,21,46,27,35
DT10,33,16,16,40,25,23,11,10,24,30,32,19,23,14,12,32,2,12,13,25,7,28,30,18,13,11,16,35,35,14,27,28,12,12,21,18,37,39,36,17,36,10,18,13,11,20,30,26,37,10,8,40,17,25,41,19,19,14,11,23,21,24,38,25,39,28,14,38,26,22,17,24,8,21,38,38,24,29,12,38,4,18,21,13,18,38,13,26,37,15,2,37,11,8,38,15,8,16,21,35,18,24,23,23,34,14,9,29,36,20,14,37,22,35,40,5,38,34,37,26,30,28,23,18,30,6,10,35,27,13,0,36,23,33,38,34,4,27,16,25,14,24,23,39,20,10,36,43,47,45,26,35,35,16,33,18,26
PW6,49,37,32,20,61,25,39,46,41,38,40,41,38,26,24,62,36,32,36,11,35,58,60,54,43,31,52,52,15,34,57,63,36,32,51,48,17,11,8,33,8,30,48,39,38,37,47,62,17,26,38,20,39,36,71,39,49,50,41,13,40,60,68,55,11,36,39,18,62,39,47,40,44,15,56,18,46,59,40,18,28,24,29,40,42,54,29,34,9,35,34,1,39,36,10,45,37,36,49,49,31,60,59,59,64,22,37,4,3,46,38,17,44,15,12,33,18,5,2,62,46,8,59,18,47,42,35,1,63,37,36,0,27,44,46,42,40,44,40,61,38,44,59,19,42,34,16,73,77,75,34,49,51,20,61,34,42
CC11,32,10,15,31,46,2,16,31,14,11,13,15,11,9,15,45,19,15,18,16,16,41,43,39,26,14,37,25,26,19,40,46,18,23,34,31,28,30,27,6,27,20,31,18,16,10,20,47,28,17,21,31,17,9,54,27,32,35,24,14,13,45,51,38,30,9,12,29,47,12,30,23,29,12,39,29,34,42,14,29,19,7,2,18,24,37,12,7,28,8,21,28,12,19,29,28,23,24,34,22,4,45,44,44,47,13,14,20,27,30,20,28,28,26,31,18,29,25,28,47,29,19,44,5,20,27,21,26,48,10,23,27,0,17,19,15,25,17,22,46,19,32,44,30,26,17,27,56,60,58,7,22,34,11,44,17,25
EW2/DT32,49,17,32,48,58,19,29,43,9,6,4,22,18,26,32,57,35,32,31,33,23,53,55,51,41,31,49,14,43,26,52,59,25,31,46,39,45,47,44,19,44,27,43,28,29,13,7,59,45,34,38,48,24,16,66,34,46,47,41,31,20,57,63,50,47,8,19,46,59,11,47,40,41,29,56,46,41,54,21,46,29,24,12,29,31,54,29,14,45,21,31,45,25,34,46,45,30,31,44,2,15,57,56,56,59,30,27,37,44,37,27,45,35,43,48,28,46,42,45,59,46,36,56,22,3,39,28,43,60,23,33,44,17,0,2,2,37,6,29,58,27,39,56,47,33,34,44,68,72,70,10,5,51,28,61,34,42
DT33,51,22,34,50,63,21,31,48,14,8,6,24,20,28,34,62,38,34,33,35,28,58,60,56,45,33,54,13,45,28,57,64,30,33,51,44,47,49,46,21,46,32,48,30,31,18,5,64,47,36,40,50,26,18,71,36,48,52,43,33,22,62,68,55,49,10,24,48,64,16,49,42,46,31,58,48,43,59,26,48,34,26,14,33,36,56,31,16,47,23,36,47,27,38,48,47,35,33,46,7,19,62,61,61,64,32,29,39,46,42,32,47,40,45,50,33,48,44,47,64,48,38,61,24,8,44,33,45,65,25,38,46,19,2,0,4,42,11,34,63,29,41,61,49,38,36,46,73,77,75,12,3,53,30,63,36,44
DT31,47,21,30,46,59,17,27,44,14,4,2,20,16,24,30,59,34,30,29,31,27,55,57,52,41,29,50,17,41,24,54,61,29,29,48,41,43,45,42,17,42,31,45,26,27,18,9,60,43,32,36,46,22,14,68,32,44,48,39,29,18,58,65,52,45,6,23,44,60,16,45,38,42,27,54,44,39,56,25,44,30,22,10,29,35,52,27,12,43,19,32,43,23,34,44,43,34,29,42,7,15,58,57,57,61,28,25,35,42,39,31,43,37,41,46,29,44,40,43,60,44,34,57,20,8,40,32,41,61,21,34,42,15,2,4,0,38,11,33,59,25,37,57,45,35,32,42,70,74,72,8,7,49,26,59,32,40
DT8,37,20,20,44,21,23,15,6,28,34,36,23,27,16,16,32,2,16,17,29,11,28,30,14,13,11,12,39,39,18,27,24,16,16,21,18,41,43,40,21,40,14,18,17,15,24,34,22,41,14,8,44,21,29,41,23,19,10,11,27,25,20,38,25,43,32,18,42,22,26,17,28,4,25,34,42,24,29,16,42,8,18,25,17,22,36,13,30,41,19,6,41,15,12,42,15,12,20,21,39,22,20,19,19,34,18,13,33,40,20,18,41,22,39,44,9,42,38,41,22,34,32,19,20,34,2,14,39,23,17,4,40,25,37,42,38,0,31,20,21,18,26,19,43,24,14,40,43,47,45,30,39,39,20,29,22,30
EW4,49,11,32,48,52,19,24,37,3,15,13,28,24,26,31,51,29,32,26,33,17,47,49,45,35,31,43,8,43,28,46,53,19,27,40,33,45,47,44,15,44,21,37,26,24,7,3,53,45,29,35,48,30,22,60,32,44,41,38,31,26,51,57,44,47,17,13,46,53,5,42,40,35,29,56,46,39,48,15,46,23,24,15,23,25,54,29,20,45,17,25,45,21,28,46,40,24,25,42,8,9,51,50,50,53,30,22,37,44,31,21,45,29,43,48,22,46,42,45,53,46,36,50,22,3,33,22,43,54,19,27,44,17,6,11,11,31,0,23,52,27,37,50,47,27,30,44,62,66,64,19,8,51,28,55,34,42
EW15,38,12,21,44,41,24,10,26,20,29,31,15,19,19,16,28,18,17,12,29,6,24,26,34,12,27,32,31,39,8,23,30,4,10,17,10,41,43,40,19,40,6,14,12,13,16,26,42,41,14,20,44,13,21,37,9,21,30,17,27,17,40,34,21,43,27,10,42,35,18,19,29,24,25,37,42,16,25,8,42,12,25,20,4,6,39,26,23,41,17,11,41,13,13,42,17,9,2,19,31,14,40,39,38,30,18,11,33,40,8,2,41,6,39,44,11,42,38,41,42,35,32,39,22,26,22,7,39,34,15,16,40,22,29,34,33,20,23,0,36,12,14,39,43,4,15,40,39,43,41,25,31,40,20,32,23,31
BP4,20,41,37,65,6,44,36,15,49,55,57,44,48,37,37,22,23,37,38,50,32,12,10,3,24,32,9,60,60,39,17,3,37,37,19,26,62,64,61,42,61,35,22,38,36,45,55,7,62,35,29,65,42,50,31,41,33,11,29,48,46,5,28,15,64,53,39,63,1,47,31,29,17,46,13,63,38,19,37,63,29,39,46,38,42,15,34,51,62,40,27,62,36,33,63,29,33,34,35,60,43,5,4,2,24,39,34,54,61,28,38,62,30,60,65,30,63,59,62,7,23,53,4,41,55,19,35,60,2,38,25,61,46,58,63,59,21,52,36,0,39,40,4,64,32,35,61,33,37,35,51,60,18,41,8,35,27
DT18,43,16,26,42,39,21,3,24,24,21,23,5,9,24,14,36,16,22,9,27,7,32,34,32,20,25,30,35,37,1,31,38,12,6,25,18,39,41,38,13,38,8,22,1,7,20,30,40,39,12,22,42,3,11,45,9,21,28,25,25,7,38,42,29,41,19,14,40,40,22,23,34,22,23,45,40,16,33,12,40,10,26,15,5,11,47,27,13,39,11,12,39,7,18,40,25,15,6,19,32,15,38,37,37,38,16,5,31,38,16,11,39,14,37,42,9,40,36,39,40,40,30,37,20,30,20,13,37,41,9,14,38,19,27,29,25,18,27,12,39,0,14,37,41,12,20,38,47,51,49,17,32,45,18,40,28,36
CC28,48,26,33,48,46,33,17,32,34,33,35,17,21,30,20,32,20,29,20,33,20,28,30,40,13,25,38,45,43,10,27,34,18,12,21,18,45,47,44,27,44,14,18,15,21,30,40,47,45,18,18,48,15,23,41,2,7,36,15,31,19,45,38,25,47,31,24,46,39,32,9,41,30,29,41,46,2,29,22,46,16,32,27,18,20,43,27,25,45,25,22,45,21,25,46,11,21,8,5,44,28,45,44,42,34,22,19,37,44,18,16,45,16,43,48,21,46,42,45,47,47,36,44,26,40,28,19,43,38,23,24,44,32,39,41,37,26,37,14,40,14,0,44,47,14,27,44,43,47,45,29,44,46,24,36,35,43
BP14,24,39,39,63,4,42,34,13,47,53,55,42,46,35,35,26,21,35,36,48,30,16,14,1,28,30,7,58,58,37,21,7,35,35,23,30,60,62,59,40,59,33,26,36,34,43,53,5,60,33,27,63,40,48,35,42,37,9,30,46,44,3,32,19,62,51,37,61,5,45,35,33,15,44,17,61,42,23,35,61,27,37,44,36,41,19,32,49,60,38,25,60,34,31,61,33,31,38,39,58,41,3,2,2,28,37,32,52,59,32,37,60,34,58,63,28,61,57,60,5,27,51,2,39,53,17,33,58,6,36,23,59,44,56,61,57,19,50,39,4,37,44,0,62,36,33,59,37,41,39,49,58,22,39,12,39,31
SW4,52,40,35,17,64,28,42,49,44,41,43,44,41,29,27,65,39,35,39,14,38,61,63,57,46,34,55,55,4,37,60,66,39,35,54,51,14,22,19,36,19,33,51,42,41,40,50,65,2,29,41,1,42,39,74,42,52,53,44,16,43,63,71,58,22,39,42,15,65,42,50,43,47,18,59,1,49,62,43,3,31,27,32,43,45,57,32,37,20,38,37,20,42,39,21,48,40,39,52,52,34,63,62,62,67,25,40,12,19,49,41,14,47,6,23,36,15,17,20,65,49,8,62,21,50,45,38,18,66,40,39,19,30,47,49,45,43,47,43,64,41,47,62,0,45,37,4,76,80,78,37,52,54,23,64,37,45
EW17,40,16,25,46,38,28,14,30,24,31,33,15,19,23,18,24,18,21,16,31,10,20,22,35,8,23,36,35,41,8,19,26,8,10,13,6,43,45,42,23,42,10,10,13,17,20,30,39,43,16,16,46,13,21,33,9,17,34,13,29,17,37,30,17,45,29,14,44,31,22,15,33,28,27,33,44,16,21,12,44,14,29,24,8,10,35,25,23,43,21,15,43,17,17,44,13,13,2,19,35,18,37,36,34,26,20,15,35,42,4,6,43,2,41,46,15,44,40,43,39,39,34,36,24,30,26,11,41,30,19,20,42,26,33,38,35,24,27,4,32,12,14,36,45,0,19,42,35,39,37,27,35,38,22,28,27,35
NS19,23,19,6,38,35,15,17,20,27,28,30,24,28,4,18,42,12,2,15,23,13,38,40,28,23,13,26,38,33,17,37,37,11,15,31,25,35,37,34,23,34,9,28,19,17,23,33,36,35,16,18,38,22,26,51,22,29,24,21,21,26,34,48,35,37,26,17,36,36,25,27,14,18,19,30,36,29,39,15,36,10,10,19,15,17,28,11,24,35,21,4,35,17,2,36,25,6,17,31,38,21,34,33,33,44,20,15,27,34,23,13,35,21,33,38,11,36,32,35,36,20,26,33,12,33,16,8,33,37,19,10,34,17,34,36,32,14,30,15,35,20,27,33,37,19,0,34,53,58,55,24,38,25,18,35,8,16
SW7,49,37,32,14,61,25,39,46,41,38,40,41,38,26,24,62,36,32,36,11,35,58,60,54,43,31,52,52,8,34,57,63,36,32,51,48,11,19,16,33,16,30,48,39,38,37,47,62,6,26,38,3,39,36,71,39,49,50,41,13,40,60,68,55,19,36,39,12,62,39,47,40,44,15,56,5,46,59,40,1,28,24,29,40,42,54,29,34,17,35,34,17,39,36,18,45,37,36,49,49,31,60,59,59,64,22,37,9,16,46,38,11,44,1,20,33,12,14,17,62,46,5,59,18,47,42,35,15,63,37,36,16,27,44,46,42,40,44,40,61,38,44,59,4,42,34,0,73,77,75,34,49,51,20,61,34,42
EW31,41,51,53,77,39,54,49,48,59,66,68,50,54,47,53,11,37,53,51,62,45,21,23,36,27,42,42,70,72,43,16,27,43,45,22,29,74,76,73,58,73,45,25,48,52,55,65,40,74,51,35,77,48,56,2,44,36,44,32,60,52,38,5,18,76,64,49,75,32,57,34,50,47,58,34,75,41,14,47,75,47,49,58,43,45,36,44,58,74,56,45,74,52,51,75,32,48,37,38,70,53,38,37,35,9,55,50,66,73,31,41,74,33,72,77,48,75,71,74,40,44,65,37,51,65,45,46,72,31,54,43,73,56,68,73,70,43,62,39,33,47,43,37,76,35,53,73,0,4,2,62,70,39,57,29,55,48
EW33,45,55,57,81,43,58,53,52,63,70,72,54,58,51,57,15,41,57,55,66,49,25,27,40,31,46,46,74,76,47,20,31,47,49,26,33,78,80,77,62,77,49,29,52,56,59,69,44,78,55,39,81,52,60,6,48,40,48,36,64,56,42,9,22,80,68,53,79,36,61,38,54,51,62,38,79,45,18,51,79,51,53,62,47,49,40,48,62,78,60,49,78,56,55,79,36,52,41,42,74,57,42,41,39,13,59,54,70,77,35,45,78,37,76,81,52,79,75,78,44,48,69,41,55,69,49,50,76,35,58,47,77,60,72,77,74,47,66,43,37,51,47,41,80,39,58,77,4,3,1,66,74,43,61,33,59,52
EW32,43,53,55,79,41,56,51,50,61,68,70,52,56,49,55,13,39,55,53,64,47,23,25,38,29,44,44,72,74,45,18,29,45,47,24,31,76,78,75,60,75,47,27,50,54,57,67,42,76,53,37,79,50,58,4,46,38,46,34,62,54,40,7,20,78,66,51,77,34,59,36,52,49,60,36,77,43,16,49,77,49,51,60,45,47,38,46,60,76,58,47,76,54,53,77,34,50,39,40,72,55,40,39,37,11,57,52,68,75,33,43,76,35,74,79,50,77,73,76,42,46,67,39,53,67,47,48,74,33,56,45,75,58,70,75,72,45,64,41,35,49,45,39,78,37,55,75,2,3,1,64,72,41,59,31,57,50
DT27,39,13,22,38,51,9,19,36,17,4,6,12,8,16,22,51,26,22,21,23,19,47,49,44,33,21,42,25,33,16,46,53,21,21,40,33,35,37,34,9,34,23,37,18,19,13,17,52,35,24,28,38,14,6,60,24,36,40,31,21,10,50,57,44,37,2,15,36,52,15,37,30,34,19,46,36,31,48,17,36,22,14,2,21,27,44,19,4,35,11,24,35,15,26,36,35,26,21,34,15,7,50,49,49,53,20,17,27,34,31,23,35,29,33,38,21,36,32,35,52,36,26,49,12,16,32,24,33,53,13,26,34,7,10,12,8,30,19,25,51,17,29,49,37,27,24,34,62,66,64,0,15,41,18,51,24,32
DT34,54,19,37,53,60,24,32,45,11,11,9,27,23,31,37,59,37,37,34,38,25,55,57,53,43,36,51,10,48,31,54,61,27,35,48,41,50,52,49,23,49,29,45,33,32,15,2,61,50,37,43,53,29,21,68,39,51,49,46,36,25,59,65,52,52,13,21,51,61,13,50,45,43,34,61,51,46,56,23,51,31,29,17,31,33,59,34,19,50,25,33,50,29,36,51,48,32,33,49,10,17,59,58,58,61,35,30,42,49,39,29,50,37,48,53,30,51,47,50,61,51,41,58,27,11,41,30,48,62,27,35,49,22,5,3,7,39,8,31,60,32,44,58,52,35,38,49,70,74,72,15,0,56,33,63,39,47
NS9,2,44,19,55,24,32,42,33,48,45,47,49,45,21,39,28,35,23,40,40,38,18,16,21,30,30,27,59,50,42,23,12,36,40,25,32,52,54,51,40,51,34,28,44,42,44,54,25,52,41,37,55,47,43,37,47,39,29,35,38,47,23,34,21,54,43,42,53,17,46,37,11,35,36,5,53,44,25,40,53,35,27,36,40,42,3,28,41,52,42,29,52,42,27,53,35,31,40,41,56,38,23,22,20,30,37,40,44,51,34,38,52,36,50,55,36,53,49,52,25,5,43,22,29,54,37,33,50,16,44,35,51,34,51,53,49,39,51,40,18,45,46,22,54,38,25,51,39,43,41,41,56,0,35,10,17,9
NE11,33,21,16,24,41,9,19,26,25,22,24,21,22,10,4,46,18,16,16,9,15,42,44,34,27,15,32,36,19,14,41,44,16,12,35,28,21,23,20,17,20,10,32,19,18,21,31,42,21,6,22,24,19,20,55,19,31,30,25,7,23,40,52,39,23,20,22,22,42,23,31,24,24,5,40,22,26,43,20,22,8,8,13,20,22,38,13,18,21,19,14,21,19,20,22,29,17,16,29,33,15,40,39,39,48,2,17,13,20,26,18,21,24,19,24,13,22,18,21,42,30,12,39,2,31,22,15,19,43,21,16,20,11,28,30,26,20,28,20,41,18,24,39,23,22,18,20,57,61,59,18,33,35,0,45,18,26
NS5,12,44,29,65,14,42,42,23,52,55,57,43,47,31,45,18,30,33,44,50,38,8,6,11,20,35,17,63,60,36,13,2,36,38,15,22,62,64,61,50,61,38,18,41,44,48,58,15,62,43,28,65,41,49,27,37,29,19,25,48,45,13,24,11,64,53,42,63,7,50,27,21,25,46,5,63,34,15,40,63,37,37,46,36,38,7,37,51,62,48,35,62,44,37,63,25,41,30,31,63,46,13,12,10,20,47,42,54,61,24,34,62,26,60,65,38,63,59,62,15,15,53,12,39,58,27,39,60,6,46,33,61,44,61,63,59,29,55,32,8,40,36,12,64,28,35,61,29,33,31,51,63,10,45,0,27,19
NS15,15,27,2,38,41,15,25,28,31,28,30,32,28,4,22,44,18,6,23,23,21,35,33,36,25,13,34,42,33,25,39,29,19,23,33,30,35,37,34,23,34,17,30,27,25,27,37,42,35,24,20,38,30,26,53,30,31,32,23,21,30,40,50,37,37,26,25,36,34,29,29,6,26,19,22,36,36,41,23,36,18,10,19,23,25,20,11,24,35,25,12,35,25,10,36,27,14,25,33,39,21,40,39,37,46,20,23,27,34,31,21,35,29,33,38,19,36,32,35,42,12,26,39,12,37,24,16,33,33,27,18,34,17,34,36,32,22,34,23,35,28,35,39,37,27,8,34,55,59,57,24,39,17,18,27,0,8
NS13,7,35,10,46,33,23,33,36,39,36,38,40,36,12,30,37,26,14,31,31,29,27,25,30,33,21,36,50,41,33,32,21,27,31,34,38,43,45,42,31,42,25,37,35,33,35,45,34,43,32,28,46,38,34,46,38,39,38,31,29,38,32,43,30,45,34,33,44,26,37,37,2,34,27,14,44,44,34,31,44,26,18,27,31,33,12,19,32,43,33,20,43,33,18,44,35,22,33,41,47,29,32,31,29,39,28,31,35,42,39,29,43,37,41,46,27,44,40,43,34,4,34,31,20,45,32,24,41,25,35,26,42,25,42,44,40,30,42,31,27,36,43,31,45,35,16,42,48,52,50,32,47,9,26,19,8,0
